PRAGMA foreign_keys=OFF;
BEGIN TRANSACTION;
CREATE TABLE IF NOT EXISTS "User" (
    "id" TEXT NOT NULL PRIMARY KEY,
    "email" TEXT NOT NULL,
    "name" TEXT NOT NULL,
    "role" TEXT NOT NULL DEFAULT 'user',
    "password" TEXT,
    "profilePicture" TEXT,
    "status" TEXT NOT NULL DEFAULT 'Active',
    "createdAt" DATETIME NOT NULL DEFAULT CURRENT_TIMESTAMP,
    "updatedAt" DATETIME NOT NULL
);
INSERT INTO User VALUES('cmekilpoq0000xffloxu9xcse','Zee@example.com','Zee','admin','admin123',NULL,'Active',1755727132490,1755727700623);
INSERT INTO User VALUES('cmekj0vxf0006xffl2xdoub1x','admin@example.com','John Wick','admin','admin123','data:image/jpeg;base64,/9j/4AAQSkZJRgABAQEASABIAAD/2wBDABIMDRANCxIQDhAUExIVGywdGxgYGzYnKSAsQDlEQz85Pj1HUGZXR0thTT0+WXlaYWltcnNyRVV9hnxvhWZwcm7/2wBDARMUFBsXGzQdHTRuST5Jbm5ubm5ubm5ubm5ubm5ubm5ubm5ubm5ubm5ubm5ubm5ubm5ubm5ubm5ubm5ubm5ubm7/wAARCAXcA+gDAREAAhEBAxEB/8QAGwAAAwEBAQEBAAAAAAAAAAAAAAECAwQFBgf/xAA0EAACAgICAgEEAQMEAgICAwEAAQIRAyESMQRBUSIyYXETBYGRFCNCoVKxM8EGYhUk8NH/xAAYAQEBAQEBAAAAAAAAAAAAAAAAAQIDBP/EACMRAQEBAAMBAAMBAQEAAwAAAAABEQIhMUESUWEDcTIiQoH/2gAMAwEAAhEDEQA/APjDLQAAAAAYAAEAAAAAAAAAAAAAAAADCgIAoAAAAAAEAwEAAAAAAAAEAAAAAAAAMAAAAAAAEAwAAAAAAAAAACgAAAAAAAAAAAAAAAABgAAAAAAAAAAAAAAAAAAAAAAAEAAAAAAAAAAFAAAAAAAAAAAAAAAAAAAAAAAAAAAAAAAAAAEEmkAAAEAAAAAAAAAAAAAAAAAAAMAAAoAAAAAAAAAAAAAAEAAAAAAADCAAAAAAAAAAAAAAAAAAAAAAAAAKAAAAAAAAAAAAAABgAAAAAAAAAAAAAAAAAAAAAAAEAAAAAAAAAAAAAAABQAAAAAAAAAAAAAAAAAAAAAAAAAAAAAAAAASVAQAAAAAAAAAAAAAAAAAAAwAACgIAoAAAAAAAAAAAAAAAAAQDAAAIAoCAAAAAAAAAAAAAAAAAAAAAAAAoAAAAAAAAAAABgAAAAAAAAAAAAAAAAAAAAAAAAAAQBQEAAAAAAAAAAAAAAABQAAAAAAAAAAAAAAAAAAAAAAAAAAAQBQEElQFAQAAAAAAAAAAAAAAAAMAAAAKAAAAAAAAAAAAAAAAAAAAAAAAAgCgIAAKAgCgACAAAAAAAAAAAAAKAgCgAAAAAAYCAAGAAAAAAAAAAAAAAAAAAAAAAAAAAAAQBQEAAAADAAEAAAAAABQAAAAAAAAAAAAAAAAAAAAAAAAAAAAAAAQSVAAFAQAAAAAAAAAAAAAAAwAKAgAAoAAAAAAAAAAAAAAAAAAAAAAAACAACmAAAAAAAQAAAAgAAAAAKAgCgAAAAAAAABgAAAAAAAAAAAAAAAAAAAAAAAAAAAAAAQAAAAADAAAAAQDAQAAAAAAABQAAAAAAAAAAAAAAAAAAAAAAAAEABJUAAAAAAAAAAAAAAAAADAAAAAAAKAAAAAAAAAAAAAAAAAAAAAAAAAGAAAAAEAUAAAAAAAAIAAAAACAACgAAAAAAYAAAAAAAAAAAAAAAAAAAAAAAAAAAAAAAAAQBQEDAAAAAAAAAAABAAAAAAAUAAQBQAAAAAAAAAAAAEAUBAAAAAASVAAAAAAAAAAAAAAAAAAwAACgAAAAAAAAAAAAAAAAAAAAAAAAAAYAAAADIAAAAAAAAABFAABCAAoAAgCgIAoAAABgAAAAAAAAAAAAACAAGAAAAAAAAAAAAAAAAAAAAQADAAAAAAAAAAAAAQAAAAAAFAQBQEAAFAAAAAAABAABQEAAAAElQAAAAAAAAAAAAAAAAwAKAAAAAAAAAAAAAAAAAAAAAAAAAAAAYAAEDAAABgAAAAACAAABFCALAVgFhBYBZQWAWQOwAKAGAAAAAAAAAAIIAFYAAWUFkBYBYU7AAAAAYAAAAAAAAAAABAwAAAAAAAAAAAAAAAQAAAAAAABQEAUAAQBQAAAQAAAAAAAASVAAAAAAAAAAAAAABQAwgCgIAoAAAAAAAAAAAAAAAAAAAAAAABgADIAAAYAAwAigAARUACAQAUS3QRLkXDS5FxC5MYC2ArYDtgCkMD5EU1ICkyBhTAAAAAAgAQCeihWAWhgTkXArALAaZA7ALALAdkDCgAAAGAAAAAAAAQMAAAAAAAAAAAAAAAAAAAEAAAAAAAAUAAAEAAAAAAAAAAASVAFAQAAAAAAAAAADAAoAAAAAAAAAAAAAAAAAAAAAAAAAAGAABA6AYAA6CiiB0AUAUAUAAICWyhWAnKi4jNzLiJtsqAAAACygTICwABANANMKtMgpMgYUBAAAJySLiazcm3ooV/JQuTALAAAgCgsATIHYU7AaZA0wGRQAwAAAAGAAAAQMAAAAAAAAAAAAAAAAAAAAAAQAAAAAAAAAAAAAAAAAAAAElAEAUAAAAAAAAwABAMAAAAAAAAAAAAAAAAAAAAAAAABgAAQMAoBgOgCiKdAOgHRAUAUFJgJlRLYESkkWJqHP4NYmouyoAAAoAoKKAKAKoIRQAMBAMgE6AtSIq0yBgJsoiTbKFXyNCYQtAH6AACwdgAoBFDVECKHYBZBSYU7IHYDIoAAGAAMAAAAgYAAAAAAAAAAAAAAAAAAAAAAAIAAAAAAAAAAAAAAAAAAkoAAAAAAAAYAAAAAAAAAAAAAAAAAAAAAAAAAAAAAAwABkAA6AdAFEU6AaRA6AdBTSAKIACWyjNsqMpZPg1IzrO23s0gAKAEgqqAQQMBWArALKAAAABMAAAGQXFhV+iBUUJ6/YEORUKwAATACB3oBAK6KHa9kw0V8AHQCAAAopMgdhTTIKIoAAGAAMAIABgAAAAAAAAAAAAAAAAAAAAAAAAACAAAAAAAAAAAAAAACSgAAAAAAABgAAAAAAAAAAAAAAAAAAAAAAAAAAAAMAAZAANIKZA6AaRA6AdANIiqSAdECYENlGc5V2aiWuec7ZuRlKVlDAQBYQWAXZQAIAAAAAAAAACAAChAaRRFV0ENfSuUv7IejKUnJlCIEUADogCgsHalT10TAmq7QUqARUO/kgK9gIoAABpkDCmpEwUmFMgAGAAMAIGAAAAAAAAAAAAAAAAAAAAAAAAAAAAAgAAAAAAAAAAAAJKAAAAABgAAAAAAAAAAAAAAAAAAAAAAAAAAAAMAAZAAMBpEU6AaQDSIGkFOiBpAUkQOgACJSKMck1E1JrNrnlJyZuRE0UP0EFgTZQAAAAAAAAAAAAAAQAAAgqoRtkGjddFFRVsgnI+T10uijPoikEDAEBag5BV/wNK2rJq/8JRS7LiKS474iSfs7aLg0LxTajJjaVoni+st1tF6O06+BiDXyOw+N9BeioGJCAofRA/0FOLILRFMAAAGAEDAAAAAAAAAAAAAAAAAAAAAAAAAAAAAAABAAAAAAAAAACKEAAMAAAAAAAAAAAAAAAAAAAAAAAAAAAAAAAGAyB0AANIinQDSIKSAaRFOgGkBSRA6IEwIctmkZZMij12WRLXPJtvZ0iJKC6CFZQgAAAAAAAAAAAAAAAAAIAAK0i1QFQpuyC5PhBfLAxb2FL2AggoDSEUlbCtOTSWhMTFqTrs1v8MNbVNGcgGnXdj/APAoqMtdMuX4u/s+Li/wN3qoicLtx/wZ8X1lxTAhxouidoupi1L5GAdS/DJipcWNCKhkD7CmpfIFJkFIigBgBAwAAAAAAAAAAAAAAAAAAAAAAAAAAAAAAAAABAAAAAMAAgoYCAYAAAAAAAAAAAAAAAAAAAAAAAAAAAAAAwGiBoBgNIinQDSIKSIqlEAoBpEFKIFURQ9BGMpFkRjknWl2bkTWLf8Ak2iWUJsIkoaIAAoA0gEUABQDSIooIdIKVAFBCoAKAAAAGBUX6INM33V8IKzYCYB0AR2wNbTZcFpOiCuuyi/WgibaBh0n1pjMNO30x6BLV9ofwZZMbbcomfF9ZpbplPClGiCHH4KEmVD6IC0+xgVfAX0IIb3sKIsC0yKpEFEAAAAAAAAAAAAAAAAAAAAAAAAAAAAAAAAAAAAAAgABgACARQAAAAAAAAAAAAAAAAAAAAAAAAAAAAAAAAwGQNAMgaQUwGkQUkRVpEDSAaiBaiTVOiBPQRnJ2akHPknSr2bkZtYSZtENlCsICgRA6+QFfwUFgIBkAgHQU0lQEtABUAUEQAAUUEIoAKS6ILxpckA5u5NsKgAAlvYQ0A4vYVpBl0bReghv8AHegE1xAcZX2XBok/QD4rv/ACM+DPNBPZnM8WVi16Y9PESjXRD1m99lQdASAyh6kTw/6Fp7Hq+BqgHFgXFmVa1oilQCCAAAAAAAAAAAAAAAAAAAAAAAAAAAAAAAAAAAAABAMAAkoAAAAAAAAAAAAAAAAAAAAAAAAAAAAAABgBBSAaRAwpoBpEFJEVaRBSQFqJFWok0UokCeijGbNRGE5cU/k3JrNrnk/bNozbsoQCoBqNgO1Fa7GftNS3ZQgAgYUwAAAdsITtjoKgoCAKABAPXsBAAFLoC8S+oBT7AkAYEhDl3oKALg6A2j12VGqpouCZaIJsBbirW0N+U9aRyatM0jWM+QBKD7W/wS/wBVjJfKM4rNxqx6MZRvrsnghaZU8U0mtDxUBDAad6YDS9BSAqMiVWsZaMqrsCQgAAAAAYAAAIAAAAAAAAAAAAAAAAAAAAAAAAAAAAAAAJKAAAAAAAAAAAAAAAAAAAAAAAAAAAAABgADRBSAZFNEDAqKIq0iC0iC4xIrWMCaq1EgGhBjNm5GXPlmox/JuTWbXHKds64yhuwFVhQ1WkA6SATkVEkAAUFNJvSAtRUe9sd039E6AlsIQDtgJlBYARRQAAANMAAQFReqA1xL6n+gM5AKtgHbAVAVNUwEBaA0ih2NEtfgqG+tgZP6W7HoalQESVbiJc6X1cJeyyo6seRNU+zTIca36M58aZSireiYMckK6IrFrl32P+CdxewmB7HgnoBhTTaCKaUo2h4s7SBpF2jNWLTIpgAQAAAAAAAAAIAAAAAAAAAAAAAAAAAAAAAAAAAAAAAAkoAAAAAAAAAAAAAAAAAAAAAAAAAAAAYAA0QNAUiKaAZA0gNEjKrjEitIxINYQM2q1USB1oDLLKkakSuTLkrZ1kYtcWSbbtnWMs0rVhToBbbpANKmApdhEbbAdBRQBV9AVdKl2P6ehr0uwFpLQ/6EAggAKAKAAAKaYBQCAAGAR7A2xLb/AEBDVugCtsBwhYDUf/YCy7kwJoBrsC4sqNcbsoutEGclaoDO6dMBoAWnrpj+C4yoso2xzp0+i+9IeSNU47Rm9erO2WnaGDDJCmSKn8MJ4hqmAfsBdAAU06YQ3T2gvoiwNIu0ZVSIpgAQBQEAAAAAAAgAAAAAAAAAAAAAAAAAAAAAAAAAAAAJKAAAAAAAAAAAAAAAAAAAAAAAAAAAYAAyBoBpEFBTRAwGiDaCtGarWKIrSMTOq1iiC0iCMk1FGpEtcWbJdnWRmuKeS2dZGGaXOW+iqrv9ADg+NgEYpRtgKa49BGbYCsACmwGm1pDoOgJfWugJAdhB2FFMGBAAAAAIBoB1fQBxaQ1SCGuwNIdpfIDarIwKlH2AYV9VFQcfqr8kVElTa/IBWmAQX1IA9AVjlu/ZYjblatdlA+rRBjONqyeKSdq/aKhr5AOgNPVga48nya9RM1Ur9GYqZxUo2iWEc840FSthCa0FJb0ELoAQULQD7AqLIq0yCkyKYAAAAAEAAAAIAAAAAAAAAAAAAAAAAAAAAAAAAAAACSgAAAAAAAAAAAAAAAAAAAAAAAAAYAAyBgNEDQU0QUgGgKiiK3gjFVrGJBtFGVWkQTKaijUiWuPLkcpM6yMuPPk3SOnGYz6xqzQqkloQawhFRt7GamlJ3rpF/wCDFy2BE27AlbIoApIAWgHBbsgUn6/yUL0AqAaiAVQBYBQDSsA4smqOLXY0wKIXA4NDTAtAxS13tF9TP0Tjq10QJLZRpXT/ACIimvrAurTKCCrIhED1laEETX1sihrVfIEoBdOgCOmBrB2vyVDsCZa2RWa07Ar/ANMqF06fQDhK/pL7DxfTskGtqUK9lsImL46Y9EZI0/w+jK/1hKNAS+rQQl+AHVoKkAQFegC7/YDiyK0RlTQDAYAAgAIAABAAAAAAAAAAAAAAAAAAAAAAAAAAAAASUAAAAAAAAAAAAAAAAAAAAAAAAMAAZA0A0A0QNIiqQDSIGkFaQjbM0dEImVaxiRWiRA26QHLmlZ14xhyZZ0qXZ04xm1yy2zYajWgNYY/bHoUnxKjNybGjKRFSwGugBAVQBVsCpfTGvYgzWwDsB3SAAYAuBIhhxjTGrjWGLk7SGr+K4+NN9GfyWcGsfEyNfbZLyizhVw8SXTgxsX8aJ+Nx9D1LMRPxXVxQ3FzWLxuGpLRd1myxPCn8ou/Ez6nh7XRdTFxX0MrJPsDWK2VA000NUsi+tS+R9CabshhNdMGE47IpvHtMLhOFMaYai0WVMN9hE/hl9ENUQJFB+yAeqfwWXKLUrVhDjKmWDSStcl/cnlE/d9N/oX9jOSrsisnp2BL07QQ07QC7CkAJgMBrashFQl6JYqyKaAogAAoQQAAAAgAAAAAAAAAAAAAAAAAAAAAAAAAAAkoAAAAAAAAAAAAAAAAAAAAAAAAYAA0QUgGkQNIiqSAaRBSQVUYkG0I0ZqtooyNERVoDLLOlRvjGbXFlyVZ1kZtcuST/AMnSMiEL7CtIxTeuioJz1US+J6y4uT2yWqTXx0RWcuwElqwCgKSAKAcFSbfSIIdyZQ0kAqXyBSVkXFKF9oLh8CKuGBzeia1OLpxeG2+iasjtw+JFPaJla13Q8WFaRPxprVYYxiqSGfs1UcUeV0h+MTRl8WE39ozPF1zS8RW6KdOfL4Smmmtk/sHmzwvFkcWjcusWYSwvk3Ha+Bvypmp490tG2Kz42EXh72WC3H6mgJkrh+UL+yBK3ZFHB1XwRcUsdpNhVrHcSVZEyx6IYhYpMuphSxUuyy0yInDRWUSVoIzAYBHYQo6dFF+gNcU70/ZfYniZLhMkrVVkVq10yWJHPJU2mPVZvQC6ZUPtEB+QpANAC0wK6d+iKtEU0QWgGQIAKEEAAAAIAAAAAAAAAAAAAAAAAAAAAAAAAAkoAAAAAAAAAAAAAAAAAAAAAABgADRAwKSIGkRVJANIgpIKuMTIuMSK2ijI0RFWgFKVI1IjlyT2zrxjFcuR2dZGWajcthWj1GkWdII6gWCWiAUdgGRJJv4GGuWrZFVXpAFb/QFpa2BMnvQBPUFH52IFDTINVwl9youfqnaXjuWuieLFwwv2TWsaKFBWmPFyZmrI9HxfEXwZbd+PxUmqQVtDx1tSW/kf8TcXHDwZRTxaaAykpY3+GWVMaRb47AmSVqgFPGnsivO8jx1kblQ88RyQxuL2uzXrOYwy4+OR0a41nlGMo7srKox3+wYprf5KEo26Iqo4+iLItY+yLjSOL6SLjVYkkBLxqmRWelqtGojKcVdpWRGc4fJpHPJUysspL2Agg6EA+7ApO0VDi6diDfIucOS+BeqRljlb4sew8E4WvyT+qwa0BAQJ0UMgAoAYDjrT6J6K6I0aAuJBdEUghAIoAgAAEAAAAAAAAAAAAAAAAAAAAAAAAAASUAAAAAAAAAAAAAAAAAAAAADAAGQNICiBpBVJEFJEVSRBaRBaRFXGJBrFGVUgFKVFkRjOZ0kZrCb2duMYZP6maIcY0JAVbtlD4pLfYE1ZBUKScmWTalcuWbk2hasiIrRlVpUrAFEAlddlRMFboy0JvlJsqQ4yr0Fa41yIrphjr0RVca9BVQxtszrUjsweLy2TWsen4+FR9EHZGCRcRUkuy4E1oArQEZIc40RU8a2AOF7QE+ioyy46TlH+5P8Ap6554FOFx7Q8PXHmxJu69Golcn8VP5NMYpY6QDlDRTBhx2rZFjVQIuCULa/JFbQh6IHKKSCs5RcvwhqJcIpd7HYl4240lQGU8SXZe0cuSF9Lo0zY55IrLJ/AD7QQr1QD9WVDUgNYTrT6L6JyR4ytdGZcX2Li+Sv2VGeWO7Xsz50rGSKJYQJ0UPtEUAP0AICo70yX9rDRFVF7INl0RUgAQihBAAAIAAAAAAAAAAAAAAAAAAAAAAAAAAkoAAAAAAAAAAAAAAAAAAAAAGAyBoCkQNIKpIgpIirSIKSILSIq4og0SMqtIgb0ixGE5HSRGE5nbjGLWTbuzaKiqjfssAk5OgDKvj0XMRKvtk3VNUgM8k/paXQGC2ZU0rAp9ATYE9/2AuFKLbAqME4Nrv4J/VPHic3smtSOvHgpVRGmixyj2XTFRxuT0S1ZHXg8d2tGWsejhwtUB1whSCNFEobWgg46BqUqClJIDN2kwpKSrYRLaAV6pgYpOM+LXYi2MvJxXbSJOk9cc8NXRrWcJY7bXyXTDlhtJtElXDjjSjbKYqlzpExdP+MguMABwSIIcU+yhcYoYaiafoupjmzKQ2GMJSpbRZjPbmypdorNYTXsISdMqB6f4AF24/4HwIC4sqNXUo1/gUjKD4uhCtppSx8kSzCOVhUMBFRUSB9BQgJ6YFpkVX5IsNEVpF6JQwAIRQgAIAAAAQDAQAAAAAAAAAAAAAAAAAAAAElAAAAAAAAAAAAAAAAAAAADAEA0QUkQUgKSIq0iCkiKtRIKSILiiK1jEyqkiB9ARORuRnXPknSo68YzaxbXHZ2kZEUrt+i+gCKguKbZZ2VK3L5FEydOmQJU0FY5n6+SCIrsirrQBSQESZQQRBXqiK1xRbfQ1qR144fjoix0Y0wrSiK3wYbfRlp6OLBS0gjeMXFFGsVaLiLoIPQCtFwJoipogloLqXHZMVlOP1aAlpxVrov/AENJSaftDEEoJpsisMmFbpdoI58ka4tetM1Eq3G40FjOcfopLY87FYsSSt9jujRwXomKHGgMpv8AACir7QBKOugjKnYMZzi2EYzgi4mubLBNMqOOUadFYZNUwGtqioXr8of0D7AIumVGydx/W0P6ImrSkieVThOnT6ZfZif1M1TaIrOSAkIEBdWiKRQpdgCYGsdqjNWCPdEaXHTIqwBhEhCKAIAAAAAEAAAAAAAAAAAAAAAAAAAAAASUAAAAAAAAAAAAAAAAAAAwABogaApEVSRBaRBSRFaRiSjStEU0gLjEyrWKMi6ogzmzfGJWE3SOsZrmm+T0dZMYKrlRoDdzr0i+dIqK+QpSfLXpF/iFKSiqXYzD1mmm22T1VLUWwOee5WSikqWyKZUTJpdgRafoir49IitlDk6SFWOnHgpW9GWsdOLCq7Ha9NFBJlGmLFyd+jNrUj0PHw1VEHfjikqNMtKVDAoqgqvRUS9AJ0woAPRBFBQ+iIjiFS4uqIojFVsuIHCugJmtWBzShuWuwBRUaXpgJwpoKpJXpdgNr4ATiEZyirGKVbGAlVDEYuIGco7AzyR+noqOTKqWwjkyQpGmbGE1ewynosDq9hEsBewNIS2mVFatxfTJ7F/rKSa18CX6Nf8A5MV+0L1dSfpm1cf0FZMBoIqPwFNIgmStWBKKioOmGmzXtGPOlhrcbI1FRddgUESEIBFQAAAAAAAAgAAAAAAAAAAAAAAAAAAAkoAAAAAAAAAAAAAAAAAGAACApEFJEFIiqigLSIKSIrWKM0VRFVFAbQiYtVookUpOkWRKxk+zrIy5cs7dI6cYxazWrZ1iE5Uvyy/1ExVsK0nKtIviJk0okGS3bZFL1XsC3qAGCVypkVfdIqHVIgh0+0FTW9EGuKNuwrtwYW0mTWsdSi+rCtF1YU4K2yVY7PHhfrRFehixJII2SooaYQdhT9FRLCkAdAACIAA0BL/QUq3v2A6AGlTIOXJFrJrpoaYcI/Qr9AhuNkVFXdFA4sAp1sIykthSSoCWrKiJRogz42yojIvpA48newlYZI2rKjmnGnXyVmsaCBfBUKS218gQugKi6KjR7hftE8qwTXKPJC9UicUqk16ZfiX9iWt/5IrJ9gJdhFdMKtbRAJd/kDJqmWBoDfC1JcX7M2LuLgqk0ZaOiKHoqJCAAARUAAAAAAAAIAAAAAAAAAAAAAAAAAAkoAAAAAAAAAAAAAAAAAGAANEDQFpEVSRBaRBSRFaRRBpFEVaiTRpCJm1W0YmVU9IRHPlkdeMZrnyT4xOkjNcl3I6xlX5fSNfwZt8pa9ijbHGkhCom7ky1Iylt7ZlRyroAX/bA0m1wr8FGUFakzP1RBAE3plRmpNMiritX8kV14MWv2Rp6OLGlCmug0tQSRFS1fQGuHFyZNWPS8fFSQHZCNIrK2gFSClVAMqEFIAIC9lEvsihBDoCX2FAB6CE+gqJQ5UyBcajRFJpFEVxRIH2VEv8AAVKhu2SCZIozoqM8myDPrsoyzSvSBjB47TIjCUfRUc2WNpr4Ky55LVlZQywW1cL+AjKWpAAGkH/2VDg6bi/ZPYviJLjIQVPb/sBm0BAFegLj0QMDOS2IEii8cqdhXXkjuM1/yRz8uNTuGqaJYrOUdiValqis0BAAFCCAAAAAAAAEAAAAAAAAAAAAAAAABJQAAAAAAAAAAAAAAAAwAAAaIKRBaIqooC0iC4oitYoyNIx0RWsYWZ1WsY0ZFpaIqJs3Iy5sjOsjLh8ifKVJnWRn1lG2zSKzTpKKNeRPSwq5W+iK1m6ZrxGM58VSJ/0QnbIpSf1AaYluwDuMn8ugF9kXEQNag2IMpdfsilFEV0ePDlLZKsetixwSSSsY01a6Ck2AQi27JrWO/wAfDSRB344UVGyRUNgT0RQgBdlQMKVWQFaAllVLZAJgUtgL2AvYUBEvoinF6KhSIsQt2AmtATsKdIITCIkrWwrOqAyl7COeb9FE8dEE1phHNlVMsRzSV2Ec2SPF/hmozWTQQ4unXpl96ROSNIioTKiosouW0pE8oJPlG/gUiX9qfwPodWq9+h/RlLsAQFdIC3uKaJ9IiQEIqKh2Sq7sX+54r+YMnP2Vrj7YeLtX0zOb0omuMqMxpDVlRDVFQBCAAEVAAAAAAAIAAAAAAAAAAAAAAAACSgAAAAAAAAAAAAAAABgADRA0BaRBSRFWkQWkRVxRBtjRmq1iiDWCM1WsUQKToshWGSdHWRmuTyMnGDftnTjGa4lu5M6RkRerfSKItybYtI1xfTF2IVEpttuy2ozu2RTi1TrsCYrlKiK6X9EP7FkREVcF/kCU+TFFZNRUfbHwZZPu0RV44dMiu/w8NtOtkbj0sWNJ2RYUnZQoq2RXRgxcpKuiK9LHHjEsRtBlGi6CF7AAoIE9AD6KJ2RRdlQdogkKmtkVRUAB7AlgFaCl0Akm3bICkMNJ9AJATImiW6VlGblboKUtIIwySdaAx4+2BMmVEPrQRzZFb2BhkWr+AjHKrX7Ky5paf6Kyn2UU/qiKkZPTAaA1htNCoUNSp9MexSkmk18AQn1+AHLatewIQGiVw/RKQ4/HyBDXoCGtlFIDs8F3leN9TVEs3hf4W5ZVQi4ylH2mYl+ulmVpk2lKiXqrEdrQBxtFZZuNEEtFCCAqEAAAAAAAAAgGAgAAAAAAAAAAAkoAAAAAAAAAAAAAAAAYAA0QUkQWkRVxRBaRBaQVpBGRtBGarVIitYoyLWkBlkkdOMZc05bOkiODyJ/yZaXSOk6jLKSd0ujfiFN8Y0IIi3yINZtKFGoMZPdIgXqiA6iBp40OU7Ctcr1+zSFF1FkgUFuyKTdzb9ItRkvqkSrHXig3SRGpHqeNjqCJG3SotR/ZFRKrKKxK2ZV3YIJREK6ovRUaRKilYAyKaZQwhfkikEJ9BUewqgiJdkWJsqqugh3oBNhU3fQDXWwibdk6XD2wE0QJIqh/gglhSqwiXFJDE1hkVsmqlwtFRhNVZRm0EQ3RUYyvbA58jt0EYTT6ZUYZV7KyyCCL3+yoma2BKYFRlTLEaS+UTxTvlG130L0RktOmA4vdMCXpgVF1+gK6ZBD7sCShroDbDLhkjL4ZeHpZsx3eQuOZTXU1Zx49bxrcv5cZV4lzUo/3Q5TrVlys5Y+JlooakbnbNhZY7tGRk0UTRUTQQioAAAAAAAAQAAAAAAAAAAAAABJQAAAAAAAAAAAAAADAAGiBoC4oirSILSIKSINIoitYIyNoIitoRVGVaKJApPRqRHNlkdZGXH5OXjHXbOnGM39OPF99v+5uIJTuTZqjGUrkSioa2QDZRBAr2A2+kB14I8cbZeJUP6mkKQfgAf0xr2IJr6WyKMUbkRXo+Lj7dCtSPRhHikn6I0qTb/SCsnd/JCOjBBun0Rp34Y/TQiOiMdIqLSKH2EHZFCjTBplRLChEAwIfQUk7BhSIBBRV9gOlQxC9WMUa7AXuwBK2AyoVEWIrYUUAnGtkNL8FQnpbIMZdkVEm60aTHPJO9kVE9FRg3YRMlcWVlz8NhWGXb/QZYTVOn7LErF6dFZS9FgcvqjYqRmAAaRdwpiorHLjIpUZFU2ZipfdlF1yjfsnhErootO4/kgJL6Ex9Iz+UUIC4O9EHp0sv9PhP/ljdMn+sznL+1/z+8SwP6k/gTvpqtc0H/JS67OWtz9s+OywraWJPF+S8ozHHKNMioaKiWispYCKgAAAAAAAAAAEAAAAAAAAAASUAAAAAAAAAAAAADAAACkiCkiC0iKtIgtIgpIitIog2gjKtYIit4oyL9CDLIzpGa5M0lFNnSM15uSXPIdWU5ZKMKj2zUmdnrLqP5IJ6/YVa6AlugiHsBewrSKuf6A6/+GjU8RmvbIHGPQUq5W36CE1cURWmCNsivX8TFUER0jp4+wqZOgM4K5fgzVd2CnoK7MSda0VG0U6CLrX6KhroKXRAyoV2BLZFhJlXA9rRET6Cmhgl9gK9oYG32AXSKBvVkpC9Iii9lD6CHaAlydOgJSdEU0tA0pEozqhKqci0SkZRT9iLSn0VGPGgM8lUVHM+2EZydIqM090EY5VxYg5J22Vlk0WM0pICYv0VCapgIBoCvyA5K1YIlb0BWPWn7HsCa4yogfQFxVpxYvmnlYPTKU12ALTA9P8Ap0uWPNj7TjZP9O/8/wDlJ1zlTgdSr5MxuuqUtJ++jN9WeJqnfyZbb448oGtZc2bFTZkc7VGkZtBEsqEVCAAAAAAAAAAEAAAAAAAAAASUAAAAAAAAAAAAMAAAGiCkgLSMqtIguKILSILSIrSKINYoitsaM1W0UQE3SLIjmnO7OkiODzMqqkduMYrj6i37NxGTfKQpDvdAS/uArk2vwijNsBEDgrkFdGCFux9G09Ro0yiSqkRTi6TECa4wX5Chog6fHhbSS7I1O69jFHjCiNqk118AYyfJuwsVjhcjLTv8eH4IV2QRplpEor0ECIoKEAkqsgVOiiZRpX8kXQtFgXStEESyV0UF2t9gCQAQDYUu40BcVaCCgE36AO/0AAHRFJjRPZAmRU1YEyQGMgIl0UYZNoqMJrWgjnybdIIiP0tssSsPIbcgMuNxCMJ6ZqM1myol6YiHLasCAGtMC11QDiwJkqdoQVe/2AP6l+SBx3EAvaZYIn9z+CQJdFAB2/0yVeQo/wDlplzePKM8usqn9OZr4Zy4u19egoRlg5e6Jy44nG/EpqUFRnlMrfGtvHaSdmoVnmqcnRKy5MmOmIrGUSozZWUgIqAAAAAAAAAAAQAAAAAAAAElAAAAAAAAAAAMAAAGiBpAWkQXFGVaJEFxRBaRBSQVrBGRrFEVtCNGVaLQGOWRuRlyZsnGLZ14xmvLyT5zbZ1iIk9GkTdfsgXQCu2A70BFgAVeNVYHZjjxxxXztliUZC0Z9zIK+EA2+U0vSF/Sw4LlP8IlWO/w4fUmStR327ojQ6i2+2FZvukQdHjwd7I078UaCOhFQ12UUnsACG/gKVBAwF130FICJNIDKTZNawKJAWr0aQ26SAUX2A09MgroBp6KiXNUvkCJO7JVhqVKr/YA5L0Apz+n6RVkHJ/BkLa9AK77IpWApbAzaAyldAYyRUZS1FlRzyiknYiOeeSNPiXxPWaTktgZ5XxVII5plRmaZJhBF9r5Al60AgLTsBpAJ/ABeqAqLAa1L8MgUgE19IErv9gNoDbxJcM8Zfk1x9xOXjfyXx8mXqzlx8dN+u/wJ/yXB/BrlPy4s+XWd8Mkov0zn7HX62izKpX0zNy9M2JyKyDnnEDnkqZWUlQihBAAAAAAAAAAAACAAAAAAJKAAAAAAAAAAAYAAAUiCkiC4oitIogtIgtIgtIiriiDWKMq1ijI1igpyeixHNllR0kSvO8qdqjrxjFcbOgiT2EJBQ3oqIbIBsACrjG/0gNIpXrYHVHq/wAGoiMmgJSuRBpSU/0BENuTH1WuNav5I09DxI1HkzNanjqTCnN6CpgrkRXZhi30QdmJPplG3WggWgFe7KKUtFQOTSvuyCI5bdUXYuL5pdodJlNyjxsYnbCeWpLj/cm41iXL6m30T1SlNPouEKM02A9KNjApOkQKPf4AvuTroBt3EoUrUUQiFG+idrqpY6Vtjs2FwVgU4RWxlTRSXQwDfyUZym/gnSyEpEwHsikwMpL47AznaCMplGGR/BUc04tpjRzxw8e2EU/pTKjmyXKQGU40VlhLTLEpFZT0A5fIEgNAaLcQJfVgC7AcX2BS3H9EBxtATegE0BXaTCiLqVr0XjcqOrynycZPtoxmWrx/8xv4GXhkVm+P6L46PKglnb+ThOunSXYMTt0yVqLyQcadaEq2fU8XJFZZ5IaEHJkWzTDJlQgEVAAAAAAAAAAAAAAgAAAAJKAAAAAAAAABgAAA0QUkBcUZFxRFaxRBaRBSRFWkQaRRBrFGVbQRBdUiKibNxHF5M6TZ14xivLyT5yO0ZZydIoy7CqqosCGECCgCow1ctD3w8EnbpF8RtiVRRIroXSRpEv6pikOC+sgclTZRK0qMq6IRpCNPQwqoGW2i1FsEEn9KCqxbZlXo4UqRR0rStBFJ2nf9gBaEBwv2Ow6pAFaovYOHwTDQ4+kXDUtUnYNS0qV+yYaUkqJYuo4xYw0KCjpBdOkioK7bQDXVehAlLixoa6sCZbVehSFARauUk0k/Rb2zEOS9EaCbnoIG6/YEyna0Bm7MtE7Ghpv2VE27IHaev+Qz6Il9zsYMZrTCMZR09Ac7KjnnJtukUZTk6oajPj79hGWVaA5mtmmaRUJhAuqAkBgVB09lQ+pNE+KVegHFdfkC46ZAfawIem0ALaoUhw6aFWBdhHRkd4YP+wv/AKJ4fjz4zsTqq9Dyp3DFNdNbMcpnOxrj/wCWalVSRmdVv2O6eSOXBFLtE5SbsOPiMUdM18Ss8sezKuLLHs0ywaKiWEIoQQAAAAAAAAAAAAAIAAAJKAAAAAAAAGAAAABSIKSINIoitIoyNEiC0iCkiKuKINYIlGsUZVrFEDfRYMMjNxK8zzstfSuzvxjFcPs2Ik3JlQRW2/gAbctlGb2yCvQVUYrtj0KUuT/Bf+ILroiuiKqKERo38GgY9WQaYoWrfyUNq22KRMVeRIy1HRj21/kt8Weu+HSRhpo1USNMnL6qA6cELI07cMdbCOqCRUN7Tp7RcCTd7Ipt+0VByS/QAn8lBf09gOqp2EROVMDJzdq0TWsPJkTV0W4kjNT2RTcnTpC0kOCbaIKk21S7LUgcqj0OlxlJtvRnVilair9lQ5aVFISlyIqlT7KiPwRV/b0J0idJbCorf4IE1oETyALIBNDAn6Y+iJFRnL7WQZSetFHLO22IMJp/ARHHWyoykwjKW7A55LZYlZvsrIKiemAMAQDvYFy3FSHlITfQA+qAqO0BpXKJKRlJbAmLqRRTVSv0zMX+mUbd+L+mOXsqT6jHLYV3p/y+G17i9GefsrXH2wYFcKZjk1x6dXj1xcWS99teV04MfOTiizxmss+Nwk0ybq5jizrsqVyyRWUMqJZQggAAAAAAAAAAAAAQAAASUAAAAAAAAADAAGiCkBcUZGkURWsUQWkQWkRVpEFxWyDaKMq1ijI0SAjI6RqRHJklpnSRHkeRLllbO8ZYyejURF6CqhF1YClpaKiEiKuK3+gFKTZUTHbIrXHC6bA6H6RUDqgKSpAaRTV76RYE1SIoxrt/2J9V04Y/XvpCtcXbiVv8GWlzdR37IrNfdoix3eMugrthH2EaRVsqK/ZQP9EwS1q0A1td6KC3HfoA43tPsppZG4xpvZfiJxx57kyd1b0MypUl0SkRGC7l0yZq6I41Tvv0JDSTq4lU4tvQRSXf4IF/xbAONqwCSUUvkBaffY9DS1rodCbVsKailGxiahvYBdregJbIrO92FLoBcb6ZOxKbixqYayen0Uwm1dMImXbIMpUBhkjoo55OyoibqIRzO5WBEo0gjGcbdAZTVGoygrJMAQAgADSC+nYE/K+AGnYD+1/gQawZERkVSoRWb7Av7oflD6QLoK1hvDJMX4k9ZLTA7vFyKMZJ75InLvjiz3ThJp6MOjswzTjfszZjUrq8bJxlZrjeksbeXjvFyMXqkeVmWjSVyyQRlJGkQwgKhAAAAAAAAAAAAAIAAAJKAAAAAAAAGAAAFIgpIg0iiK0ijI1iiC0iC0iKuKINIog2ijKtYogoDDPLR04xHn+VkrG6OvGM15c3t2dYjJu2VAwNb4qhBlJ+ihpEVUpJRpdlRmyCoIK3xrYRoihRTYGnoo1xxuLbLOxORqyLDx9L/JIrqwKzNbjtxqkZagz/AGpAZ4lciNR6XjxTVArrh9OmWMtEXA71sImUlaXoqlJ/HRCIVrpjtVRncXF9l1MLlWn7EpgSf8n1MejWUEkq0MxNZzdyr/sVYU41Gn16IRN2kFHGn+QLe9oBL5Al9d6IJbdoCntikFVtgD3SKJad6MqGtfgqEkiBSevwBnt/oKTSasgNMGklsCW09FCVNONEwS9S36AmTvoDOXbCMcltFHP/ABu9gRKJURSigjmySblSAnjoI58lWyxKy9mmCAXQDAYFQ2mgFe7AT0wL+6P6IRWN1oovIuUL9oz9IxaKKx90/YodU2RVw1yRfiIaoit/FdTRc1HVKPHIzlHVpDTtE/jTqxP2Jco7cmZT8fjWzXPL3GeMyvNzw+mzLWOKeisMWaRLCJKAIQAAAAAAAAAAAACAAJKAAAAAAAAGAAAFIguJBpFGVaxRBrFEFpEVaIKRBpBEG8UZVqkQEtIsRyZmdYjy/NyU6O3GMuCUtm0QgqoK5/oUEpXItSElbIquugJn3QQkrYG+KKUb9hVw27Ki5aRQ46VexBa6QGsZVjdliMu3RlprFfU6/QWO3x4UjDo64dIlWM87Cpw25Eaj0vHtMRK64u10aZNxbemTTpNPqxtXo/4vdjs0OK1QNJJXtdA03VWtsuIXKLW+0XNApb+poB877evRTBCnqTJmglFz+ldCk6RL6bXwRT5MBwfJNL2Am6CIT5v8BS3f4IKtV+Sio/Z/cIG0kMWJjNdkgnknpsKOPwyAcLAXBWBDVdAZugpLQQqbIFW38gCr2BLit0BnKL9AZSi76CMcjrSKjnlysaJknXZUYyiBjkTSGo55LTKjJmozQ/kIAABpgOGpAOu0QL0UOOv0BSVMg1Xx8gZNU2mAR0wLavZFCKhNAVifFgd0p3xf4MWd1vj43xU4mOUblbYnxdEad3jxjNOzWbGLccvkwpv4MtPNyrbNRmsGiss2VElAEACAAAAAAAAAAAAAQElAAAAAAAMAAAGiCkBcTKtYog1ijI0iiC0iKtIgtIDWCMq3iiC0gIyuompErh8jJSZ1kZrxs8+c2ztGWEiqUQL+2N+xEQgLguwqkny36CM+7/IAu6QV06UUkWIuKUaQgmcrmWkVHbsg0S+ko0k/9pIvwZw3tmfVbYVbQviz1341SRh0b20iNOfI25DR0+LDoy09HHFFRvFUzTKpb6Alblsg0rTNIz6e0RSW92FVx9oIX8SbbYw0PHFUqGGmor2MXRx9oJpO1pDcMjNxbfdi1UzbcVGuhsMWpVBUtosyJiZP0/ZBFpfSh4pydv8ACIQ1/wBFDX5ANNddECj7bROlTxsmGqiqLA+VlQpRsiokBDiiLqXoAd70ES1WgFX/AGAONARxAiSAxyQQRjKKSKjnlqyoxlIDDI7sI55KuyxGUjTNSEMBANAUvQDf3ECff7KHDugKapflEFrasBTVqx5SJ9WBpHcaATQC9AEXUgO6DUsS+TPKdtca3xGK3Gy7MOjtwS0alZsZ+SgjzcytliOaSKyzZUSAioAEAAAAAAAAAAAAAAQUAAAAAAAwAAAaILRBpEitIog1ijI0RFaRILRBUUQbwRFbRQFBGHkOoHTjEryvKyVCR1kZry27bOglhBFWwpzeyoS+SCvWgKp8LfsDOT3oovDDlb+CK3iukVFyaSbKMl8+yDWPQGretGkPyKjSXwS+LER1D9kiunx19RK1xehD0Zbisn0x2Rpj3JEWO/xoUk6EV3QjorLVbKgXQRSiAe/wUN1VIYIcVf7Ji6cUUpsCWrVgNaWwCXQCrk9ECqmApRIRnKGwor5KJUVfRAmtgaRSp/BcRLW+wqlsBS1ZBKVvfQVTeioSVpsgTfwBMvlEaQ9bJoni3+gGunfYRPrYClG2AVYClH/JBm16KMZoDmyRbLqOeUG3tlRnkVdBHO+wlc+Z7LEYM0zSCBANgCAqO0wH3H8kAt6KF0xBrL0/kn8PisX3Ux7Ck1UnEewQl6AuIFWAmQS1Sso3wTqNEqx24XyoxY3K7XBJRr2crMuOnG7F4XxkahY08mNxtEHm5V2bjFc2RFRgyogIQAVAAgAAAAAAAAAAAAIKAAAAAAAYAAICkQWiC4kVtFGRpEg0RFaIgtEGkERW0EQbRAb0ixHD5eTVHbjGXlebKsRvilee+jYQRUVoKmXbKil9pBrFfT+egJyvjooyStkV0xVJRQnSKT3r0UElxhTAUF0BpjXKQG1fXvpFEZ5c8ja6HIhr7USK6fEVyM1vi9HCuzLcLN/0VUY43JUZV6eBUqEHXBfTsrKk0mWIdgVdgJxChPW0EIKa9MoboBLTsCru6CJf27AlaIptWArtJATLsEZ7sin8gR32FXF0q9FQmrYVSSQQNEUVXoITQUdIIhoik9OvkCa3siivQQqoBcdECS0UDWtARNbQEyRBjNWUYZFXQRzyjplRhOtlRzyVWEcuTbLEYyNRmpCAB+gACk9gXBWmifBPT/RQ2tp/JBcdwcfjoX9hbVNCdCpu6l7HlC7d/IDTpgHTAqrQEy6IKw90Wjt8eVf2M1uPT8aanjcX36Of+k2bG+NytXj+m0Z8bE23iLUjzsy2WM1zTKywkiohlQgEVAAgAAAAAAAAAAAAIKAAAAAAAYAA0A0QXEitYmRrBEGsSKuJBaINIog2giK2ggNEgicjqJuRK8zypbZ1jLyfKycpcfRuI55fBQu2BaAhgXBfIVtDWyoyzPYChGyK1T4qvbL/AFF41r8tgPO90WkJaj/YkG2L6VZYN1FSg77bKjll91GK006RR1eG6WzDpHpYY/QRpGYKPHVzSRFephVLYiOhR0VB/Gr2OzVKNFFcAgV0yhNMAS7IproCZICo6XyVD+3r2D0n0AnH5AVeuiKVUgJewE/+yKiQGf7CtYLVeyoqqQAkA69AJ6iAqsglquyCZNIKhy2FDfTIh3dAJ2AAL2EKmFJoCJd9AYNNPoDGUdsI58ujSObJt6AwyKlsMuSat6KjGSpljNSVkBTQDAKAuL6ZASW/2ALca9oX9kODppj+C+mANaAUNpr4H9BQFNaTAcH6AUiBR0yjswy6JVjuwS4uzm6O6EvnpmPmNlLpomrjh8iJqJXHI25spIIzZUSAioAABAAAAAAAAAAABBQAAAAAADAAGiCkBcTKtYog1giDVEVcTItAaR7MjeCCtoICyxGOZ0mdIzXk+XkqzpGXlTdybNKj8lQQ7Cn8hE9sDWKuQGlpIoyyO5ChwfFNskFL3IDbHqK/yWDLI7mKRa3JJdAdEVbSRRo3xd/BpGFfUjDQu2KR3eLHSXyYdXpKlERXPllbJVjfw0nNfNEV6mJa2VlrEqHbApO1ooaegD1QCaaXYA02QG0gEnaKp6+RiE2rQVX5CBP0BL0gM5NvXolWH6Amt38kVnLT7CpWwjWEdoqLkqYIVgHQB+wJbbf4IqbfwQTLdkqp10MUlpaKhgNL2yCX9QBv2VDAlrZBLXsDKaSRRhIDlyq2Bzyio7Ky5Mz5MDGaqJWa5Z9ljNQVkwBBVIBxewKj7RA6uP6ASdMAQVrVwv4FQLaAj7Z/sQqvYD/ACAG9ACYG2KVMiu7xp8kt9GbO2o9LXBV2cr1XTjejjuLszW45vJjcdFiV581TOrlWUkEZsqIYAEIoAEAAAAAAAAAAAEFAAAAAAwAAAaIKQGkTKtYIg2ijI0iiKtEFog1giK3ggNooIb0jcHNnlpm5GXh+ZO5tI6suKRRDYDgA5MBQQGsdRdgPqJREaciBS7pAaJVHftgb3Sdekagwp8t+zI2xrbKNcX/yN/BfqfGjS/jb+Sqyb7MqmO5ErUel4q+pL4Mtx2TeqCudv6iVY7vFx7sivRgtGmWqXTKh6sCkA0EIKbCF6KGvkgXTCilYxNE4rtDFlSkyhNqK32QLlaCpfZANgJv6bAwySsjUTCdMQdGN2aZq5O1sUibSIK7SKhT06IsQ2iKlt2QJ7CppAHQAmAwgSQwMBVoAAiSAynFyIrKUGo0VHPPGBx5k9oqOOSfIJWOX8FZckuyxmpKyAAKaAYFdq/ggtd/sCWuLsQW9xtegReOl+mAvtlQ+FKatfoBIC27QE9gT8gOHYGq7/ZFdXiy4yr5JfFnr2fEg82NtejnznWty5cXjx7aZzzY6blZ5cVNplhXBmxVZuMVxzVGmWLKiWEIIRQAACAAAAAAAAAAJKAAAAAAAAABogtEGkSK1ijI2iQaRIq0QXEg2giK2gBrEsQSejUSuHyp1FnXizXhZ5XkbNo529lCYFLUQJfQFR6A1a0gM8kt0UENJv2RRdKwi4JynFf3CtnLjF+7NIyi+U0QbLX9ii4uoX8sT9jWbrHRfhGK6ZhRjf1krUep4itkrcdM2FZY48pmasep40PpQHbCJplbQAgGUCYAwCwYG6QQ0yg72ETLW0w1A2qW9hCT/ALMBZFz97JZqy4UqikvaGHrOcq/bIsTy9fIBJrhoEYSdEVKewrqxL6PyaZtayaS2MSMOe6ZGmsN0Vmpyy+r6dkqxk5W6TIoYCvZANpsBORQlNEVSaYQAWlYAwE1SAiyGE1RRnJXZFY5IlRxZoLYg480VRWXFliEcs0ajNQVkioZA0FNAVH4IGgHLcbArExRVVaAc9pSQ8p8D60BmnTAvoBLQEy1IAQG+LcRSNouqZKset/TM8oSpPUhu8bxas3t1cmsrv5OHG9OtGbasiuPNG0bZrz80abLGK5pGkQwhAIICgAQAAAAAAAAABJQAAAAAAAAICkQXEg0iZVtBEGqMi4kVaA0ijI2xoit4IDRGojPLKkbjNeV5+Wos6xl5E2aisioQFraSClJfVQRUVtBVzlvXRUZPciBt3SQ8DUfqoK6MbSUvwuyz1ClSSQE41/uX8EVp7r5KirppF+CsknsUibqBmKMO5ma3Hr+EqjbJ9bni8r3RRr4mK3sy09fBDihErdGkMBBBQAUAC9hR6CDkVCfe2O1J9fSwFdql6AHdXRBLnxdopibtNkVjkl+SVYSdkGi2tlRjNEWJhuRYrrwJ8SxiqytcaXYpHPF3IjTbnvWtFZYykq0RpPIBcyGE5Wu9kURndp9gJutASgrSLCNI9gU3QRNhQ2QLQCbsCGBnJWBy5Y9iDhzqmys1w5U3+isuTIixmsmaZIIYAFUgKrZBUewHWmgJxumUbyVpSID00BMXpxAhrbAuP1R/QqE9BUSASewNoOgNsT5Jol8Weu7w58aa9E3K3P09VrlBT+Tjyn43G+N2BrlEjTOWPlFm/jFeZ5MGmWI4pIrKGVEgAQgAoQAAAAAAAAABJQAAAAAAAA0QUgLiZVrFEGsDI0iQaIiriQaQRBvBEVvBBFejUHNnnUWdIxXheXk5zaOqRxzZqCHsB9MKpaCIXYGkdbAmT2UJbIKXWuwpx06QRrD7P2yhSdy/QF4lq37EDx7m36QAnc02KDJLlJIVYeR1Egfj7ZluPc8aFYkRsuHKdEqx6XiYeKtki2uyLS6NMq5L4ZQc1eghc18lB/NH5GIayRk2hiiwKS1YNUmvZWUPd3/YKhrYU3FLZAop26YApaaZRnO5S+F8kVnknGOo9DwjBu2ZaOLthGy+0qMcjIsGLssK9Dxor+O/ZuOdrmzSuTM1uMr2ZijmaRDlRlWbnsKpOwgXZFC07AvUnZA1FFw1SSApOgiXNEEvIl7AzeZfJcEPyIr2MNJeTB65DE05Z10tjDUPMvhjF1M3aJhrjzRTTA8/LHbsrNceRGozWLNM0gyRQ0RVIC1tEDWmBT7TAmqn+wNsX1QcWL5p9LtAJOmIDIvaAmDqTXpj4f0NgSwJso1g7RBtidO0B2ePLbRizpqV7f8AT5LJ4s4SW17J/pN4zlGpc5HDaaObojJFmpfiVx+Rj0ysPNywpsqMGiohgIBBAUACAAAAAAAAAkoAAAAAAAAaIKQGkTKtYmRrEg0RFWiDSJBrAyreBBrHosQpukaiOHyZ1FnXizXjZ+2zpBzS7NIlAPtgOT7AUUFXLSoIzZQ6IHJ8VxQgMfTYG60kv7lgWq/LAuUqg/8AAgUXUP2IDHuaCqr/AHCUiMjCx0+FDlKK+WYbke7qGOhGqnB9/Jkva+PVwx+nf+ANHkSdLbNYnqJZGrfJFRzy8qK92y4az/1EpK26Q/4iY5Wn2v2B0Y8ie3JpjKNVkhe5ddDKNFmT62gKU4xT92APIuGuwYjnTTZFPlzat6KK5xi+tDoY5Jx9CrGLm5avRnVZZJslERlYVriKjZ6joIwmRVYl9RYV1uf8eI3uMZrkyZPqf5Ma2jkQJS2UEmQYNpSIq1PRUCkRVKVgNPfYF80uioh5q0BnLyKZBEvJW9gc+TyPzoqMHlv7ZDtGUs8ovuwgWdPbKa0jnknadoC4+XKPq/2Ovp38UvLU39TSGJqZyT7kTF1xZ6bdMhriyFiVjI0ykqEVDRFUgKg9kGjQUvwESt69of0a4pbKiqqTRPiokgKfVCjG6f6EDe3fyAmBL7A0xMqNoak18k+K6fHnTV+iLHr+DkqTj/5Ek2fi3f27suL+Ka+GjjOrY3Ls1OT7SwcWdG2K4M0bsqOScQjJoCQAIRQAIAAAAAAAACSgAAAAAAABogtEGkSK1ijI1iZFxCtIoyNIRJRtCNmbVbxjRBfSLEZZGbjLzfNn6O3FHl5mbgwZpAgGuwE+gHHWwCTsoldkFKrbAi9lGsFUf2RVvbKhxewCbtpIAn6QFY9WwprakyCJbdErUer/AE3HTt+jLpHb5GVVSZcyDTxknXJk7V1SzqCqLNSM65MvnT+2DUfyVLXPPzJPud/oqJ/mbi3x38k6O1Rk2ttjsarLGKpW38kVcc3oC15TUa6/sXoH+p98mNGi8mluRO16XHyo9KQFf6iM+2BUcrfTQVTy62BjLIRSc1WgMZzCni2QdWNJFjNVOVaKRg3sy018dXJv4NRmtc8qj2KkcTlbZltXpBEuQESkBg5fURWsJLjo1jIckkTFSsqXsKl5a9hCfk0EZvyU/Yw1lLyPyDWEs6ldsJrN5V6YTWcsm9MCHN+pAL+RsIcMrVrsop5X2rQC5+5A1bmmlTCE5UiK5svsQYmmUMqAIApxArpgarcSBPsCG6kmWfoXF1KhBq3TTIFJW2BMX/0BE/uAVgD6AhlFY5U0EdF7TJPV+NYOp/hkV6nhyrJFonG5W/Y93ypRlghJdox/pM56v+fljmbUkZac/kRXE1Ga8/KjTDlnEDCUQM2AghFAAgAAAAAAAAJKAAAAAAAYDRBcSDSJlWsSDRGRpEitIog2iqMq2x6MjZBBJ6NQc+SRuMvK8vInJo6xlwZJWzpBj7KKiAgEA2/QCbAcemwE2UEVbINV2kA7+lsoI6RAk7aAbdyZVaLUaIBfavzsKIrlkRmtR7XiJY8HJ+xJrSJZFdsZprXFmbX00XJDdZeRnl0n/grLjc5N3OWvgbUaKXL7dUBKlJv7tIDaOSl9TooX8yb1bIsOWaSlSoJpvyq+ltNjDSee1d7Ci5S3dfsn/Al5HB1/2F1pDy0hi66Mflv4CtP9TYB/Lfsik8tICHPkwOnF0B0Rkl+yomc7ZFTVgbYXxjXssSoyz0yUjCG5Ei1UnooxlOiDKWT8gYPKuQGsMqaNIjLmpEIx/mBqJeRYTWbzX7CaibTvi3oZiayt/IENuuwaSfLVhNUlNLpMBuEUrk9/CJ2azkqftFEq/QF3Kqb0OgJS7T0BXT1phDk9dP8AZFY5LX6KM2VENUUIIAGgK7AvG7QFPogzkBWN2vyio1T5RaJVhRla2VEPUiRUz+QJYDT1RRMgEnTCN4u4EqxrGekL6R6fiZLj+jPL9tx7OLJ/L435Rn/SeVePVwl+DDbHybcTUSuCaNubCaCOecSKwkgJCEUACAAAAAAAAAkoAgCgAAAGQNAXEg1iZVrEyNEQaQRmq1TILiQbwZlWqegiJyNRHH5WTjFnXjGa8nNK7Z1g5WaRKKGgE/YDiAn2AgKbpJAQUaQVRZA12wKvVAJv6SgiRTjtgUndsC1t/pEVeCN5CVqPRy5VHEor0ixa5FKUntjUdOPG6XY1cOWLW5L8IdmRk8EnLVMlJEzhJaoaYX8Ka03Eu0yLxwkoNNWhqfipc4xqCSr/ALHRjGScpNybsaYhwfsmrilae+gCUnJ2m6RdTEKUuuwLpxWyKqOX5KNYZV8sK0/lfyFV/I6AuMiDrxS0Bqp2FDe9AaRTrYF1XQGU18EEJUIVllm0ijlyZbAwnP8AIRg5OyDbHLXZULLKl2BzSyUBHPWy4zpfyVSVfsIHNR+2TbAz51OwCWVyfQ6CjNf8rAbkq02QTGT97Biufv8A9gxKBjSL4gxaSnq6Abi4LixpiG5R6BjPLO11sDJNFRLd9hElAAICkA4upAatb/BBE1oCIy4zTNT9JWylxn+GZnipepMQJsAu0BPqgEUD6ATCNMb0KLgyK7vCyNOiXxY93+nvlFxfslm8Wr1da8XdfBz/AK2yzK4gcM0dI51hMIwmtEVzzQGbAQQFCAAAAAAAAAkoAAAAAgCmiCkBcTI0iRWsTI0iQaxMqtIg0iQbQIrS9CIxySo3IjzvLyW6OvGMvPzy3R0gwbNIQDWgJ9gO6APQAtsBdlBFbINACPTYBuv2FKT2A7pANajYFQ+0DWPTZGm3jq6XyRp1ZYrjoDHHHaBHbjt9LQaxr/p4yVvtgw3hx41d0Mq9MX9TbSCJ/hd8iK0jib+4qYp4QMZYK7GCP4m9JAZTxb0EZyiBCjx2tMREu5fcymBaIKv8gaRnRQ45GFbQm2B1Y5ugreFsiunHBLb2yDSihS1oDOS9kGcugMcj0UcWWiI5puioyUvqA2jKkVETla7IOabtgS36QQmUSQPYBVgNRYAo7AriRQoAaRgFPg0QNRpAFtxplTES6AwmWIzfZWQVEsAKgIpoBsDWL5Q/RKRDYGbKjRO4J/A+kEntMiknTKGu/wBkCfYEr4Kh2FSwKg9hFp7Irq8SdTEV9D4rUIp2TyrO26yXl1uzEb+Hmi2mY8V52WNNnSM8o55lYYzA55oismBJUACAAAAAAAAAkqAKAAACABoiqQFxMjWJFaxMjSJFaRZkaEFRINoEVTeixHJnyVZ14xmvMzT22zpEccpW2zoiQABv0gJAdaATAPX7AdAVFaCiTpFQ19qRFEnSoInthTYDl0kBUHpAaXUCNOnxVJyWiNOycLiBzpcZbCx2+O70GnRfH8sCZYm1ym7b9D08XwUYomBRSe/SKKbXoqJkm3pEC4SfoqIcJJ7Aymkgjnmv0BjKgM2tgJqgGiBlDRFb4mkUdeKn0FdcLIrphF0BrwbWgIlFrsDOSbZFZyTA5s2gjgzNJhHNOTYREQKb0VESdgZvsIkAbALAOVACkrAuLTAuKQDUdkVax60FUo0BSSpkC46KIkiDGZUYyKlQyoQQmVEhDAEFP0BUJUwgZFTIoIvTQQ39oUr2EUlYU2iCGVBegBgJdgUmFb4X9RB7vhzvGrJza4uuEqyJoxHS+OmT5IzUjh8iHbLFrjmjbmwkEYzRFYyQEBAUACAAAAAAACSgAAAAAAhoiqRBpEitImRqiDSJKrRGRcSDWCJVapEEZZcUzXGM153kSuztGXn5pXo6QYs0hpUnZFSuioGAgG3oBewKjG2BSjafwgCqQEvbSAb7/QCkALoKFtgDewLQVq/Rlp2eE2thY65faUYT7Iro8Z+wrrxx3bCtJ7WijObvSAeo9jDWU80Yvui4ms5eXFewiH5yXTGjKfm/sbDHPPym30yaYwlnm/Q0xDySY1MJZJDTFfyX2A1IDRO1oDSNPsDWML6IrswQrsK7sUQOqELA2WNJbYGcoL9hYykq9MyrOSvsDlzQTsI8/Pia/IHLOFBlk9FDsqIlIIzcgJsAjFydLY1ZHVi8Gco3LSHdXppPw4wj3sfjTWMsMUMRP8etAKpR6BhrM12gNYZ4suI1jkTJim5KiYqXKgIk0QYzZUYyLEqCskUSwhBAAwAKAKTATAlFRa3FkIkC4v6RSHd6IqGihIIPQCKKTINcUqkgr2PBya4kvcWO+LOU6rq7YLljtFqRy+UtGZ6vxwTRtisJFRlNaIMJAQwhFAAgAAAAAAAkoAgAAAKAGiCkQaRIrWJkaIg0iRWkTI0iiDWBlWq6IObyJbOvFl5nk5N0jrIy45s3BEVbKKyFiI6QUdhCAChwXsg2S4wb9vSEFtccaXtln7GTfYEL7iKG9FRPsgYU10AewLgrkiVY2l2Rp0eI60FjtTtBWOUDTBKtBXdCVoK05KtlGOTMorssiOTP5WqTA5owy5nq0vkzu+DeODFjVzdsv42+pqMufDHUYov4yJrml5Sd0kOjWTzr4IaP5UyGmnF9A1SggpPGAlGgLUQNoRfRR0YVvYHZAK7MJB2YloDZRXwApJIDGW3oy0ynGyDnnjVhNcmeKekVHBlilYRyzRRlJlRm2ETYGuHBLLJJIK9bx/Hw+PC502anH9mpzeXFXx0XcMcGXyrZnTWDzsJpLM2DVLNS2DQsil2MNPhF9OiKOM49bQ0OOV+wLWSyA5BWc2EYyZplIQihMIQQFAAyAAEAMBFDj3+yAegHHsB9MAYVL0wgARQEFxfQV6Xi5KohHseNWSKOdjpK7Mb4T4skuxbE58fJNkV52aHFs1Ga5ZlZYzAxaAhgSVAAgAAAAAAAkqAACgIAoAaILiQaRIrSJkaRILiQawZmq1gtkquiETAt6iIV53ky7O/Fh5eWVybOsRg3ZpFJVCx9VEndFQMKQQgADbHH6b9AXCPKSXpAOe5/hFv6Ixm+6AmK02RSewhL5AApoBx7A0xK5ErUay6Iq8EvqCx3xdIDPJtirFYZVIK7I5NARlzUnsquO55ZUiWmNoYIY1yyO2JN9TUZvLUfpxrf4N9RGUMOXyHbboztqOXPj/jyOL7RL0y6PBx+HLBm/wBVOUcij/t8V2yzjeX3C3Pjz5NpiFVB2SrBTTGmN8MZyTa3RSLUndNUyNKSsKfQGuLZUdeOJR0xVEV14ArtxqkQapaCFJJkIzcURWWSNdBXPJN2Qc2SNp6CPP8AJVJlZcE2VGEmVGbZUa4IKUvqCu6OeGKP00XqKyeTJnlULZNVeXwZwxOc/gmJp+Nm8PF4eXHn8dzzS+2d/aW8eNm72xLyl68edP2SKzTNMr9GWnZ/TPFh5XkPHNta0y5bLiW5Wvkf0rPgk+CckZ/L9te+OVynilxmmn+Sy6Xo24ZFvsZ+hm04/oBcgE2BDKhBCKEEIICgAAAgChkCKBdhDZFJFFIga3oKTASCEUAFIg7PGf0olWPY8STSRitx6LdpNd+zE6rpPG8UpY2zVYed5STeiRXn5FTZqM1hIIykBDCJKEAAIAAAAAAkoAAAAAAIaIq4kGkSK0RkaRIKQGkHszVdGPsxVdMDIWaVQZeKV5PlTpM78Yy87IzrELFHlIWka5Y1CkIVhxrbNCW7YQn2AAXjjYVvSSosReNVBiDOfsDCRAegE9AL0AwoAcewNsK7ZK1Gs9Iilh+4ix6GN3AqpkgIi/qA2jkoKlqWSX4FqtlBY1oQceWWTPk4wui2pmvQ8L+lpJSm7kxJal6epj8bHjjUUbkYr53+rYnj8qWuzPP1I4euzDROCk7G4YcYqKJbqw6tiD0PCxVDlR04zpks8E2LFjnT4S2ZajeMeaDQxx4zUWIV3Y40yo6IK6KOzx4kV2QWtogtvQSIk6RGsKn2EZT9kVhN2nRBzyQK4PLVWWM15eXsrLnmVlKKKjKgrTFF5ZpMivoP6f4sIxWtm5B0+Z4/LxZJIWdMvl8uNxk18HJWRoTxQ1MUiK0wuccq/jbT/BrjbL0zykr3sXnZsWNRbUv2jdsvsZnH9OH+pZI+XLlwUWvg5ZJenSbmV5bTgymHytUBPRUS2AghFAAghBAUAAAAAAAAADIEUNMgd0wGwqQhMAKGuyDfDKmRXq+LmtJErUet42002c7+3Set430vZfYVj5GGkRHlZ1tljNcsiozkBDCJYCKABAAAAAAElQAAUAAQANEVcSDSJFaIgtEFog0itGVbYjNV0wZkZeTKomuLNeP5MrZ3jLje5HQdOCFRtmfaqcuSjcjLlcnJlB0iAQDA2xrjHkJ2Lwpzbcui+08at6oo55u5P4RKMbuwC9ECAPYAgoAa6YHThX0mW40nuwJxL6iNO/F9qRQZAMbphVwuT/BB0QaitFVrDC8v3dfBNXHVDxYKNpJDF1pCTxOn0blZsdEMy7Nxzsrz/wCreN/qIcorZOU2JI+fyY5QlUls5KSRABXRgwObWteyyaj0ouOOFI6+GOfI1JukZtiyVhKNvZmtyKxXB/gg6Vh5VKPsmq61FuK10b1MbYY3KmB6GGNBG/SIB9hQ+9gJv8EGM/ZlXLJ02g0ifQZcXlRuNliV5GaOysOZrZUS1QAkFdfi43yTSErWPd8TOoxXJUbliXjXY/JhKLTNdVj8a8P+o+L9bnD2cuUxceTOLi2iBICopt6QHb4uDj9Ukb4zEdE5i1ZGEoSmzGtYX8C3oiufNir0IljmZtkghBCKABBCCAoAAAAAAAAAD0AACAZA09AJoBFAAIg1xumFd/iyfLRlY9rx5NcWYnuOnx6E48eMl12OPXLKvsaeRj/lxKSXocplY4348Lzcbg2SVqxwSNMMmBDCEwJKAAAAEAAAElAAAAAABFIiqiQaxIq0QWiC0QaQ6Mq3xozVbx0jI5vKdo6cWa8byJfUzvxZZ41ykWkddccZmFcWV3I6REJWAMBrSA0w4+T5S0kPeovi5NzklHSLekjdpQioLv2WdQ9RlkoRpdhHNJ+iKn/iQIAAPQAABVRBHViVIy2b6QIvGiNO3FH6bKonADFqgKxpvSRNadWHA32B6GHHVIsK2pRLiF/FPIm9JIJqJYJx7i/7DxdSlkXp/wBy/kmRhm8b+ZNTgu+6JbKZHL//ABmNt9mMq5DX9Pxx2o2xh02XjxiqiqNTpUzxpIDN44uNsgh400AlgXrsiuvxoShH8DUrq011RUaYoK7NI68eiK1S1sISe6QVXQEN7aIuM8jUUZMYSSYqsZRIMMsE4sJXkeTiqTNRiuGSplRLRRr4+NTklRGo9rxfFTj8DF12R8ZuDddDF1L8flibTpoZfYa534//AOzLtTphk8SEnuJnBk/AxJ7iMOmkfFxw+1FidG8aTp3RdAsKv/7ICGFNvdlRrLFFxtPoiOPyMemRY87JCmWIycTSJoIdAKghFQgEVAAAAAAAAAAegBACAZAAACACgAuDIrs8adSRB7+H/wCOL+Tny6rpwvT0cUv5MKT7Q5ftZ1038V3GUGbv/wAuOsXqvK/quHbo4x0eLNUdHNjICGEJgIBFAAAAAAAQVAFAAAAAFIgqJBrEirRBSILiQawM1XRjRmq1bqJBweVkpM6cYxXlZXcjvEX48admeSts+SsbovGJXB2zaGA0q7AcY8pfgK1k/wDiui+J62hj4R5S7EmlEnxVvsqMZWoucu30T1WM2BJAADKAgAoAqKtpBY6o/aZbDfoEdGCHIjTuhCkUE4/kDL+NNkV1+Pg2RXbDCkU1oo8SxFdlFR93/YsQ3lnVNd+y6mRSyx4fV9yHSYnJKMkuKdLdjojmztLImvZK1ETklHRFYynUSLjKVtEVD0BK32QaY1bCOzEvpp9ejUiKcW266A6cMeMEvYHRjj0Pot1VFQRjx2zKh/gCZBYze+zKsZxpkGMmBnIDg8vFyVorFjzMuOjTLnkUa+NPhNNiK+g8HKpY1yo1g6pZEtKyb8ajJy+p10SKhyTAh02ERIIkBSVrYCWkAOUYzTXrsIHPbr2QY5I2QceXE1dhXNOFLorKOJUJoCaKiWgiWVCCAoAAAAAAAAAABkAugBgIoAAAAqJB1eO1eyK9zwZ84pWZ5TZrUuPS8WVZKb0yce43y/bpi/48uuma4d9M8vNY/wBQiq/LOdnay9PnvJhxmyxK5ZFRmwhAJgIoAAAAAACCgCAKAAACKRFXEguJFaIgpEFxINYEqujGzFVU39LESvN8l3Z14svOn9x1iN8ckomVZ53qjXFljFWzQptR67AcMblthWkmoLjHsuYnrfx8OuUxJpuLyyvb0kav6iMG/wCSV+kZv6WM801KX4Qv6Iwbt2AEAAigAZFAGmJXIlajo6SI0ILlMlWPS8bH7CuppJaKMZPZBrhw29kaehhxJAdCjRURJbKJa+AEmy6G5l1lDalqwolPiuKeh4YwnkV3Wya1jGU3J6RLVkDTa3oCXH6WES4p7RFKMewNccaRYjqxaVFR0Y4aINIL6gNobYKrjyf6Gi+9BBRBE6SJVjLbMtMpv5BjGSIMJaZpMZZY2v2Qef5GD2ajNefkx02VEwX1BXreDKlRoehCa4O+yKit2yNCgiafoaIbZdTEWAEB0QS48npMIpY3LXwBbx0iDmyY2/Vgxy5MX4KjGeKl0UZONBMZtFRLKiWVEsIRUAAAAAAAAAAEAUIBkCKAAAAHEg6MTIr2P6bkjzjZZNlg9WX0ZE0cuHVdfY6pvlFSRryszxl5FzhZL6keT5WPTIrzZqmyoyYQihECAAAAKAgAINAAAgCgBgNEFxILRBaIqkQaQINIkVtAzRc9xJB5/kKmzpxZefPUztPEVi2SrBmWy8UZpNqkaRpjx2//ALCqy5VFcYdmsxn1r4vjSf8AuZNGZvJrxvOS/SR08ZcuSXOVLozasL7YskHNJ8mAmALogRQAMgAAK38eOzNbjfI/+gqvFxuUrMtR6uGPCCssU5yCFjjyl0S1qR6Pj4EqZB1xjS0WIOICcfgohpLsBqMaAP4E49lxNQvGvpjKacvE4xuclRcp+TKWHElaVkxdrJxp/T0FQ0nKgJlGk2BnVKgqlG3S0Eawx/5COrBh49+wNpWlSBFQVaCtY6DK09gOK7IG2kimM5slajJvVozVZz2iK529sgiSsqM300wMcmPkglednwU3o0y45R4yKOvw501ZqD0sbvRGpWtaIo42iBcQE4BEuC+ABY/wQP8AjV9BDjGKXRUVpqooCGtkVnKN9AZTxXtlRzzwsGMJ4vwBzTx0VMZONFZxDRUQyskVAAAAAAAAAABAFAAAAAAAAOPZBrF6Ir0fAnTVvosHuKX8mFP2jnymXW+F+Ovx3yx0zV77Tyh9uI9hXF5uBxi7MVY8PKqkyoxYRICAQAAAAAAAQaQBQEAUBDAaIq4kFogtEVSILiQbQM1W8EZU5dERxeQrtnTijzMv3s7zxlrghtGaqcy+vfRqMoi7f4NCpZNcYl8PWvjeNbU8n+CZeS7jryZdcYnTqRhzTk5Piv7szasKlFfgmK5ck+bpAT6pEC6APQCKABsgABBXXgVRsy3D+5irHf4mMy27ZvjEozguTIuO7xcS02iK7oxoqNEVABMtIIhR2A3HYUbS7G1EdbcuKLNEytrttDaojFNf+xBHGpfkDOaTd+yrESV/T6+SDNxsDSELasqOnHjr9mR0Y1oAauQVcUVFAiorZBoVEMyqGrCo4pdEXWc19OiUc7W6IpNFRlJBUNaYZc+WHJMI8/Ni2aEYbjKjUR6fjStoo7FG210LFhJV2ZUeyAoAcRiEojA+LIH/ABqt9ECcU9RVIKTjxWn2VE8NgTKFlGcsTsDGeG/RFcuXD+AjlyY9FTHNONM1KzYyaNMVIZBQAAAAAAAABAAAAAFAAABDXZFaXoiujxJ1Io9vwsrbcW9MlmxY9PxnTok8arTL9LsTqp8Y+TP+SFEs7SdPE8vGlJkiuGS2BAQgABAAAAAAEGgAAAEADCmiC4kFogpEVaILiQbQM1XRHoyol0RHJ5GouzpxZrymuWVo7+RI7MUKjr0YVx53c2dIylW9IqujBiSdvsZqN55UlSN+Iy5uXX+SaqZfSt6RBhkyuel0XxGb1pEUIgRQwEAAMgApx7BHTF1Ay218aLnLRK3I9XDDitkilNuUqLVjow4tIy09Lx4cY7ESt0ioaRUFbCE0AuNgHBdgP+OLXe/gYaWTCnHi4lw1PBJUi4M2uKv8hUy079AZy+mbfpgZJWn8IinHHbX5CN4YqlT6A2SogtaRFJWq/JqDSPQQ0Ba6IGn7QEsBP8BYhr4MqiStAc80ZVL6KjKQVF7CInG1oI48mPk2NHNKHFv8GpUdHjS2jcqPRg9bAprZF0JAABv40QCTv8AXbaogfFcbJYFSoik4gJw1soFD/AA4fBBm8dRCufNi182Bx5cPwVHFmxVeixmxyTjRqVixmzTBBAUAAABAFAQBQEACAYAFAAA12QapEVWF1PRR63jyap2Fj1/Hl9KZnyrPHXk+rGTkRxSeio87ylbZlXn5FsDIIQAAgAAAAACDQAAIAAKYDRBcSC0QUiKtEFxINYMlVvCWjFVTIjj8pnTiy86Mf92ztvRHXLJ/Hgl8szxnaV5927OqLhS2Bop6KBu9t/2AOajt/wBkBjkyPI/wNRnfwFIB+gEAAAAQMAAqC2StRv0iNO7wIXsy6R3yfEoMOPlKyVqPTwYlRMHTCLKjVK2VBW+ggW2AVsBtWVC43X/YCS3a6Cqk3I0yiT4t2lsKy7n16IrPLqNJb+QsYtOWvZAK4txrQGsIqL0JBuqoAoinK6YIE20UNAOLYFxINKpFZZvbI0K0BDIrOfRKMZGVQVGU9MCAE1rYRlKGqA5cuP6iomD4vRqDtwyevZrUb0+vYIq66FDVGVP9AJogafyA+X0/sBK3oim5W6ohh7rspgSaAT6IpcbQGWSCa0BzTx3dlHJnxWgjzs+OmyxmxyNbNxypFQioAAACAKAAACABAADAAABoitU7IohqRR6niyXAlI9bwp8sdfA5ftY7VKsexexyzX1Mk8K4/Jj2QeZmW2RWDCEAAIAAAAAAg0AAAAABhDRFXEgtEVSILRBcSC0RW0GZo09EHD5bfo6cWXJHTOg08l1hX5HH1K4joikFPkEJ5K62yiXL5AlsBWAAP2QIoAGQIBlARWmMlajVK2kRqPX8KHGCszHReVt5aRaSO/xMdpEad8I8QjX9IqKTpAw1sqHRECXyUFK9hCaTToomnQBNvjTYSOfJk5aXSDUhW30QLjKd36HoUY8XsKbirt+wHBWtgaUTRVbCiVsASKgIoXYGqKivQRLWyKGKqH0QZSIrGZFQRESQGUl6RQvx7CIn8LsDCaW18FRh7KOnDNLZYOpS5b9l1FNNIaprZA1aIol0NC4tEDXeugLiuyClEuBEU6ATXYEtARQVlkjsgwyQTRUef5WLsqWPMyRpm45cozNMpDIKAACAKAgCkEMBAAAAAMAQVtFdGQdSEV14JPkvgQet4eTjNL0X2D0buJlpnldxTRfqfHJ5H2maR5eXtkGDAkAAQAAAAABBpAFAAEADCmiC4kFxIqkQWiCkBpEyroxoxVW+iI4vKXZ04suPV2zoM/JyqbSj0jfGZGWFmgWArALKE2ABAAwosBABA2AegoCBBWuJWyVqN8KvKkZrUexhTWNCOjTFi55CVqPU8eCihg6IlRaCKq0VFJUEIBN710AnoomUvUSeBW77AhxlOTSeihPFxdMgbfVa/ICS43LtewJf1z+n2SqqnJ1RQ+NAVXTIEwp3/cqD8oVR2QCAvGvkpWgRN7LhiZvRirEeiKiRFYzIMwJCIkt2UQ0/RYlQ01v2BhJ3pf3CMZRqQU4S2UdPj5PrplR18rIqo1XVgKSrogpLWwEBFNMK2TfEJh9U/QUOuP5GCFJrvoCvYA96AmdohGWSXz2FYPYHLnhaYR5PkwqTNxjlHMzTlUsqEVAAAAAAAAQAIAAAABgAGuNkU39xIrfFOmB6Hjz2mWD1sWS0vyLAsuomVcmaVxFI8zKvqZkYsCQABAAAAAAEGgAAQAMACmiCkQaRIqkQWiCkBrAzVbQM1VzeiRHJndRdm+LNebmlukduKMWbRIAUAAEAAFADIEUADS0QNgDCkVDRFa4fZK3HR4yvMjNaj2I/aqDbs8XHWyNO2NIqNI9AaR/BUXHuish9a9ARzTbQXDT1sCWq+7aAFSjphESeu9hQm7bT0EKSbV/JFOVcf0KQnTikvYFQjWl6Ar7XoIJK0FT6piqOyAf4KhbRFMBJ0BrF6AtdFiENVFUQS1RmqiS1YGE1RlUAQ+wiXQE/sqJyfboo5JXF2vY0ZSTe2VBFX10RXThi002iwdWMYNYrXQEtb7IpqTr8FFJXtATK0ARuiC+XqgBuuuigpXTAJadEErUX7KJaa7IMsnd9hWTVIDLKvpog8vy47LGa4JqmdI41DKyRUAAAAAAAghgAAAgACkrIoaoCsYFvuyKq6A9PwpKeJX2jV/aR6GBtaZFdE6lEzVjz8umwOLMtkHOyCQABAAAAAAEGgAADCAKAGiCkQaRIqkQWiCokGkXsitoMzRb2iDz/ACp1aOvGMuDuWzr8ROTvRYiCgKAACAAAfoKQAAwKiRSemEIBAUgrWDojbq8NXMzW+L1cVtpBqPSwrSRGnQtqiopS9MKuL+GVKq6knZUPl2vkojSlRKpp12ELneqJpgpUVAmk6pMA70kQJuUaVr9DcMilBf8AL2DSpVQwOKVvYD05AEkCFx2FPoiIcvgKV2UNBAlbIsbRWipqwhUBMkRUSJVifRBlNJkVh7aIqJBEXsA7KImq/uVHPlTS+EUZff8ASuiAh9LS9AdMJb/BR0RfWgLfQqwvzZAl80UNAHO017FMKNsBOTTJqrxztu+n6KlU0pL99ENTzb1P10yy6Zh8k2701/2Bnkya1tkIyvl6Cpmt1YGWREHD5UE02VK8vKqkzcceTJmmCKgAErAAAAAQQwABAADAvErZKq+N6Io40wBsA9Aju/p06lRuM17MVaUkZ86anZpu6J8HJnVSZItceUlHOyCAABAAAAAAEGgwAACAKAGiCkQaRIqkQWiCkBcSK1gZo0ekSDzPKXLIztxZYOFKzUqOdu2bQgAoAAIAAKAGiBtUgCKCmvYEsA9AAQ12FjREadvhbZl04vUwbkK3HpY64hWkLTApuykONoBtgCn6KYE3fyUWravoyiXBy60yGrguK+rssSmppN2qKmBNqVpdkMNwV21sGm7/AGVC4tsinVMglpJlVXbCE/kCW6RBlOT9Bo4bVsqG3RBcfQRqnooqIKdhEvsKhkVLogymqIsc7+4yqMmmERRQvwghz+38lRyZfqSXsKz6X4AI1KTt0BUZ0wrrwtyWyo3UVFewpWgG1GnugIpNWmAqcX1YAuV6IFy27Ckn3QDWR12XUxqnCcO6YsTcYZG/iq9/JP6rJyfaCmpX0BMn8E0S3roDk8laYSvJzfczccuTA25gIRQLbAHpgAAEAAAAIAAaAvFqQGsvwZaF3ECH2BUVoDo8X6ZosR7XjT/4vplvcPO2zjTMq5vIqyK4sgHPNGRkwABAAAAAAEGgwAACAKCIYVUSDSJFUiC0QUgNImVawJRc/tZIV588f1Ns6aywzuoG+PqVyHRCKAAAAgAAoArpEC7YFINQ6RBNaKhMIEBWNXLbpCrFNrlroix3eDVmXTi9PxlchXSPTgvpCqToC4lFNqqAF+wDiBSqLKiotPXREXwfqWi9ppPXbsASTXV/sCofn16IVV6uioT6u9kVKV7+CLpylS+S4jLlc0XGmqafRGSclVAZSlrQGSlsjTeELjb0VA8aIKiio0j2yikQNhEP2FZX3omNE3oDKW7IrnkmmQEtxsiIYEPTLCpnKgy55S+pgYzdSa6Ckn9W+wKX3XfYV14JNBHRHI370FX6uiomTuOv8ErUTjUYrWghqVWUS5P0FwuyIHGlplEyj8dhYztp7IG5Otu0ESmvQUn2QHsBvoDm8mOmEryPIi0zcc+TmZtyqQgKD2BUlaTRFSVAABCAYCAAAC4dkVpZFOO4sUSBUQrrwxtJoI9Px/tRpHe4XBMzVjh8lURXDkCMJkVmyBAIAAAAAAk0AAAAgCgiGFVEg0RFUiCkBSINYKzNV044aMWqWVpKhErnnG4s3Klebne2jtxZc7NoRQAAAEAUAADAEQNBqK9EUmmkEE1xdf5KylfkKaAa7Iseh4jSW+2R0j1PErkR0j0oOwq6ASewLQNVWiocn9OuwFG/+QUJfUEax/e/gIpb7CGlqyhpJe9gO7SrsIril2TBMkky9EZO+TDRyimuthNEVT+oBTUWtsYa55Xb+CLFePDlK30grpfQQAJKmBS2EWgH6CIl2FjPoiokyKnsDKaIRDWqIMmtkUpq42Uc2SWq9lYczlTsCJ/W7AmLdpMK1uvyCNsc9BXTjlrfQG6f50UOr97Alv1RBG22uqAN18FE3XYCeS+gFbktEGcmBKk0Am72iKdoB9gJsDHN9rCV5PkbbNRzrnnGkmbjmza9lQioAN8SThJP40Zqz1g+ypQVAAgGAgAAAqLIqrAuD7QoTWyKuCIsd3h0017NXxPrswSak4sSrXfiyWqsVln5EE0ZrUeblhTIOeSAxZAgEAAAAAASaAABAAABA0FUiC0QUgq0QaRMq2gZo6IPRlUyjbGozyRSiyxK8nyY7bO/GsuY6IRQAAAgAAAEAACIKQai6I0p1FW/7CJWLds0waRFUo/IDikFdXirdsy3HreG9kdI9LG9EaVysocWBakEUpWUN00AREVaX5Kh9PaIi4VJd7LiKUqtUEC30gqoqgge3VkIUrT2FJ/gon17QDk/lBGGSl+ArK3VBXXihwxpEFfoAvdASluwLQRSdFRXUegjKb38EWMMk36M1qJsAvuihOOiU1jJU2ZVDRGi9AcfkrimaYrglPZULnf4Aq7a+SC4unTCtMUqk0grqxulr/AHRF0r9MAcvqr/ALKobbTCFTlu9kDUq7VlGc2miVWTVPXRQXx2mRBz5dgQ1RBDtdBRBN7YWtl0GUy70Fc+eVJoRmvLzyts3HOsJScl+TTCYvdPplRMlT10IEEXjdWSrGb7KlBQBAAAIAAAKRFMCsb2BbI0rGiUjt/p9fybNTxK9N4UpKS9mZ1017GlcXosqWKnuIqRwZ1tmVccwMWQSAAIAAAACTQAgAAAAIGgqkQUiC0FXEg1iZVtAzRvBaMVVNEHPnejfFmvN8mP0HbizXEdUIoAAAAAAAAABAXAzWo1SojSMrtljNRFquiob0BULYFwg2B0Y6jHRG49LwpNPZl04vUxuyNtK0VDXwA10A0gq4hBx+rTKGo29kGla2aZEai97QF1XTAcOwG7T0Shp7/IQpO+2UhKSbpBcKXaSdipE5Z8NMEc2SfKvwRoYVzyr4QHWmA09ASn7AJSpBDUrQBy0UaLMuNSRWcYznu30RWM5XZlpk5UtBU/yUyI0WeK9lZxmpKUzKkyNRPRGmHlRXGyxnk8bK+MmVlEZb/BRrFoDSDt10RWsaUt9Abpp009hW8JtavYGlKtrsoE1+wKcVxtevQCUOTBqZY+0Q1i4uPegJav2BLpdoBdgCV9kVVUA70EZSb+Qrk8iUoPrRYxXBlkps1HO1kk+VNaZpmof0yaaCF+CgcdWARf1AGRVJoQqSoAgAQAAANAMigCsf3AaPsy0rG6kgOzxdZNFnhXs4ouce9kv7UTXHTJKtjOc9GmHJmdkVyZCDBkCAQAAAAABJoAQAAAFBENBVIgpAUiKuJBtEyraBlXRDoxQ5dAc+TbNRHJ5a+g68Ga8tnZkihogclQElAAAAAAIguIai09EVnLbKycFbBFpJt2BUYx3t2Bd0qQDUqpWRp3+G25cm9EdOL2vHacdMjbZOtANMBpJgWloAXRRSVAV0A07dBC4tPT/sBpHrZUJv4IsUrrewga1XsCW1Fe2UNxi1yviIaiUlDrb+SaescmVSj7v2NXHM5WyK6PFX0tlHQ5aCIcr66CnypBGcpghxlXQAp2xBTl6KiJS12BlKWiKxlIis5zqJBisr9kFwzJBGsciaAuMrRFTmjzxyX4Ivr57yNTZthkpBGsJaA2xyr3sK3TTp+yK2j+VoC4vjK11+QrpjOo/hhIIu02uiqp33fYEp8W6tMCuVrT2EZyi2neyKylroCeKl09hCWnRFDlTCh9BBugIa0wOfK1JJsuMWvNy1GbXyajHJlO7uzUZRtv5KhSdgNL6QQmAm7CEUAAEIAAYAgAKALh2QaJWZaNaCvR8WH1plg9jxI1mV9McZuwvmr/AKhjeOf4Zy43437NefO0b1jHNkkVHNORBkyBAIAAAAAAk0AACAgAGAIKpEFICkRVxINYsyreBmq3h0Yqql0IjCSt6NRHP5Uf9tnTizXkM7spAqIFSWgIZQgAAAAACkRpVpLZCoKjbFGo2RqdRDvlRWWkV8bAdJXsAhvbI1Ho+LOKXGtkbj2fFSS0RtvpsKI9gWgikBVAVxdFUS0Qgi7KL0++wil6rYQJd/ADWu1oA/8A9ZUNxT2/RRi2nLe6M1pnJr2Qc2We9LQXGalbKOzx9YginLQVm8i+QjOeb0BH8utgNZQNYzXoBudEEOZRjKewMZZKMqxlksiM5SAn+SmVGkMy+SK3x5PyFbKVoix4Xnqssv2ajnXEmVG+ORFbRf8AkK3hJeyDeLaj3aCrjSW7pAbQlUU3tMDROtXoCo18WVRr2iCfwtoCOUk/hfAEzu9EGd7KCXZAq3sKG3e+giv+LQHHOck3ZUYPJX0s1GK5fJq9CM1z3qjTJFQuwKjogH0FRRULoICgCEAAADAAoAuJBrEy1DIru8SduKKPXwZHpPtFl71XV5k/5cEX7RjlM5acfMeZPpgcGZ7COdsIkAAQAAAAABJUBQBQRDAAoQFIgpBVIguJFaRIN8bMVW8WZVT6IiFEozzQuDRuVmvDyx45GvyeiMJkkihxQVrJfQSDBlQigAAAAAaIoewKhHlJIVZNrrUEtGW65siqbNOasb0ASaS6ArCnL9IjUd2CK5J0RqPY8XSTb6MukdEdtlVcH6CNFsAjpkGtFAmUOrApLQDS93aCKXXdFEr8kDlfCrIRKTj1tMRTa9XbNIxnaRFjHm92w0xn2ZERi7LB1Y3xjRWUzyJBXNlzqO7CODP58Y+wlrkf9VaelaKz+TbB/Vk3U00D8npYM8ci5Qkmg1Lrdzsis5T0Bzzy17Ijnnlt9kUlMiOXyPMjB0ts1IzeTl/1k299Fxn8msM7u7JjUrswZ7I07sc7RlqPJ/qT/wB1moxXAns0jSD2QdEGRXRibboiuqFVrr4A1p8eS6foKpXF01/YgtSvaVFD5P3oaoWRreqBh8+XWggqMn3sCG1B/JFZyabsCW70FJJ9BF1oCbp0wOHybtosZrkySfFfg0xUyg5we1forLCMLfeysolqxAo9/go1r4IpuNRIrKS0WJUFZBQBCAAABgAAFXHog0xma1FeyK6fEtZY0aiV7ONJSvszP026ci/2aJyI8/I60EcOdWwOZoIQQgAAAAAAAk0AgYAAAADQFIgpEU0BcSK0ijI2xmareBlV+iIEgHKP0s1KleB5cHHyJI9PG9ObB9mhUCK1nqBIMJGkSUAAAAAAQNBXV4+L/kzNrpJjaa4wsRK5ZRcnZWVYvomtWwNs8FBJypyfpejX9ZTjlwx0u2Zbjqx5OEl8URrXpeLl5/TD17FajujP6etmWlL50UaR7AtIDRNUECRVC9gNWBS/AQ71sBbiyKLv8FiBttPr9FGbfG9bCspZNW+jJjnnLYaiasg3xRS7RqJU5XJNv0Wo48+alpkNeT5XkybaTDNrgnJt7KwgIqHYWO7xHkxSUot18EbkevDJcbKM8uXRBx5coGcZWZNZeXncFwjpvtliWvPb2acwijWMtEWOnx8jTMtx6WLJUTLccXnVJsrLg9mkVF0yDaEiK6cEn+wOmLtr0RXbFxcN9+xQUnv4Ck4tLVgODck72A+DW4++wpuChTbtfATWcm1taQVLVrX92QPtUBLQEp7CNEFY5u3XoRK5MzUpbLIzXH5EHilT3F7TNRmsVkqLjL+xphCumwgpS70Al9NrsDXEuSCxtKKoy05si2WJWdGmUlQggAAAAAYAFXHogvGyVqNF2ZVtilxkmWFe5ggnjjKyWZV43Y65tfxpC90ef5Uadog4MuwOaYRAQgAAAAAAARQAAAAwCgKSIKSIppANIitIog0ijKtYmRtAzVaxIKSCCtFiPJ/qeKnzSO/+dYrzPZ2RePslVrk+0Qc7KiSgAAAAAANMUOUvwZrfGPRxY/pRHQvIjVRsvxisnHiqvYSpyRcafTKyibnk0npAVj1F72iNRWKTlkbvSBHreFOEcV2uTMukrsxTjLa2ug1K2xSddEjVbplZNT3sB891EIrnXYUcnyKq29WRFR6Ab6sId63tAKv8BSbrr+5UYzmFjnyNv2RURTbCtsWLk7asJro4KK/PsqIyJSi18lHk+Zgkk+JNWx42eEuTtBiyud43Y1MaYvFlkfQhjfH4TWSqCyPSx+OoxVorUXJVEM1x5snH2EcU8lyIa1w/UyCPLxN7QhXC4NPaNazgoJioxZFx0YU+XRK1I9HCm1sjTPPDmgOHJiphGbVFFQYHVidEHTDa7Cx145tQUX/kgvi+0+grWCuOwiYxadpNCKpvtxYREppu2gqNS3ICJSSdLoBJyrX2/IA7XtAH9iC1pBXPmbd17COKU3GVM1GKz8hJw1tf+gjmcX/G2tqzbDLkyoOwBdgdGBWZab8fkiufLHbEWspRo0zjJlYpFQwEAAAAA0gqyCsbpkqxpezLS4SA9X+n+V9HCRu9xJ1XoKdxow2w8mNwsl9SPMy6COeQEBCAAAAAAABFAAwCgHRA0gqkiCkiC0goSILiiDWKM1WkUZVtBGaNEiCkA60Ijl8vF/JjaOvG4zY8HJBwm0/R6ZdYSvuCtn9ogwkVCQAAigAAADv8PEnCzH12k6d2OK438BWPkVyX4L8Z+seaTt9kSss2WWVr8G9YwrcIuN9kGalbr2FjfBCr3r2ZadEL5fT0yket4lQxqLuzLcdEXJfag1p85J/U6sCv5ILSArHkf4Kik3N3eiLGiW1QVonqmVFxVgNKvZEPX6KM5ttUgsTTUbbLgymRWLTIrTHi30E11QjxXyaZNqyLGM4vsjTLJBSVMo83yPFi7aVjBzf6Pd0EdOLx1FbRYziqSkkqsuK1+l6T2KjLItMg87ycbbZExxSi0wmNsEqIsdK4v7ghSwY5rdIIxn4airTtBYF4y1+SNNMeFRlsK6E6jSIJStAY5sV7COTJjKiEqA2xyA6sbdBXVjfJJL+5BvBNxpNhWsLi9hA3Xu0FTKUapWBDjcbb6AmpSXr8AZT2uLewisbu4t9egBcar2Fg409EBJNrsDmm2un12ajNYOKm22xIlrB/Taeys6jKrgmun6RWXNKLW2VE+yh1T2CN8TpmW47EuUb+CVYynC49AYZY1EDlfZuOVBUIAAAABgNdkVVhRF1IDYy0qIHV4+mmio9jDJfxqxfVivI3itGL6seRm0wjmkBAQgAAAAAAACgSAaRA0gqkiBpAWokFKJFWokDUQLjEyrSMSUaRRlWkEZo1SIKUSCuOiwZzhaNysvH/AKh41Sc0j0cOTFec/uOg1e0Bm0VELsAYCKEAABB3/wBPlyfAzenbhd6ejOPCDXyWLXBmmwywbDIc0qSVorKJu9rQDxwT+p9EWOrDDmnGPXyIrrwYmlSeo7bEnxXThzqdX0n2StR34ZrIrpkaU6b6VhWOTLcuKpIuJarHLb9pBGsJc6aXGJGmylxAuG30BpbQD2UN9fIRLWuiDKSXsuqzm/giwsauWxCurCor9lZq/bCpk9aIrOUrWgrnck23yQGDajfJUmUZS3P6QjHP5UcMacrZWbceY/LlPJabDGt8WeS+SmulZ103bIuokk/0RWE8SaAxUVFkNRlk3teixm1k8skuwmujDn/kjxl2StStoSr+xGmikmRQqsKpIgdXaoqMMmG0wjmyYmnfoozTqQHVjloI3xyroiuzC+XumgNZaXzfYWHGOvwBHBq2mAOMqppAZtyh+QMZx+tS2yxKJOKl8fDICM09/PsYStU0RWeWaViFcs1f1Goxe0fVBtp6ZUc2S5N1oRKyhOWNv86Zr+MJmr0ukBEWvfYCe5aCri6ZGo7MeSsdEVUq4oLHNnklEQcZ0cQEACAAABgNBTIEnsDZPSMtHy2FdOCTvRWXpeNO3TKuuzK08D/BnkvF5Gde0QcsiCQhAAAAAAAA6KGkQNIiqSApRIKUSKtRILUSClEClEirUSC4xMq0jEg0ijNGkURVpEQ6KJlE1Ec2bEpxaaOkuJY8PzPGeHLr7Wejjy2MMu2aCyKiozXYUmEIBFAAyDXBleO2u/Qalx6EfOjmhvUkZdN1hJObpFZoj4uXK6gk/wC5crOnPws+OX1w/wCy/jWdjDLgyQbuL0MVmpadIg6/G5KKr/k6/RGno5Jfw4v44U/cpfJrwjLxXbuXzpGK3xelDJJKqDTJ+RkyPhGl80WM7qlVKMdv2wquTknGOo+2QjrxLjDk9L0g0qL5Nb0B0R0QXf8AgILCqT1+AiZS+AMZdd7Cs+2RptjguP5LGa2TsqGRWc6QVjN8k0iDklLhJriUYZPIVu9KITXneR56T+i/2Vm8nPJyfjOctyyPV/Br457tTgXF7IrRTfJ316CNMeTdsKv+fk6C6jJnSfFENYTlcbAzU2rh6fZYydJdlRPH+OVXp+yK2x5GSxqV0R2r+TNjcoUq9/3Iutou0FUlXREDUnpKyjGUb00Ec2THxlQBB1oDfG6A68UtphXXGSkghxdarQUnLvigFt3YGea1Ur/sBjkjxit2n0PqImv5Fw/7LmpbjlTeObi30yo6IZLS0RdGVpxST37IfHNOaWvhliUSaktdlRhki46mqYRyNbo1GaXVoImXWiibp6CLjOiY1K1WXrZMa1cvISj+SYuxy5Mjm/wbkxz5ctQVkwAAAAEAAV6Io9ABRovtRlqHZB0eO0ns0lehgmuSEHTmy1jZmrHnSdpijnk9mVQEAAAAAAAAUkBSRFUkQWkQUohVqJBaiQWokVSiQWokFKJFXGJBaiQaRiZVokQVQDoIlo1BlNG4jg8vEpxdo68azY8qUHBuzvGWeQqM6oKTCJKEAyA7AaCjpgWpugBSlF2pNf3A1WWbf3S/yNphSyTlKnN1Q2h/yQjHjGIHb4rhxfu1/gRRlyJR43+wtPDlUd+/RGpXT/NlnDT4sLWuDF9Dlyp/JApZeK4rbfwWFvxtjjPlFPbfoenjaeRynxu4w7oedLG+CpJXe+kRXQk0tOyYrSL9NBDdJWAkSLSlrQGbClGKcqCNk1VGkCtO0RTlKlYGM5NtMKwlnUJSi9X7CPL8nzZ5pvHh+asrOuafJQcU7fwEcEotyr8ljNdfk8VLHFfbCKX9y1mE4KKc19Sf/QVjLKubaWuqIBSdADm4x0RUxbkVGyipeFOXtSHw3tOGMZRzX2lovxPp4Yfy4ppfdHaE8Kxk7jT9EFeJOKzpT3GWmWd9FbOf8OaWKXp6ZnG5W1W+zLU7VFtaI0u3Gr6A0xyUm6Bqowt2+2Bjnwcr310EcrjxdewrTH8AdWL0mB1w+3XYRaTlHsKSjvRAnafJb/8AsDHNuTUde0Bz1Kmm990VlisrjJ2aifVZqnj/AJY1fTQsJUyc1FWtNeiCVkSjVbAyld36ZUFcKoC/JipRjz7XTQ+6jhnKKb+nZYzSkk1GS99l+ozeO5UvYEuDTa+C6Yj2VAABCAYAAAAAAgACkRSYAUaY/tZmtQAa43QR14Zb7LB0ZJ/TVmascspdkoxfZAgAAAAAAAANUiKpIgtRIq1EgtRIKUSC1EirUSC1EC1EiqUSC1EgpRIrSKILSIKSAKATRqIymjUHHnjo6cWa8zyYbO/GsVxy2zaIfYVEmESAFD9EFQV2Al2A62FUpAOa6AcE5LjECeVa9gVHsDq8dNtqLr5I1FzW9ptfIGmFJJttJL0FjdzqCqLthW6Uv4km3fwSKjj/AArlf1Ip46IZJRxL/wA5dt+kWVMKMlF0ra9/ky07fH0rlqT9fAV0Kl8kGkZfKCm2wHyoiYhtuwpKPyBUUl+yoJSSYEudukwpSlSQVnPJ10gjzPP8r+RcY0m3RZGbXE1/Appba0XGYyipt90wM9fy2/RYzUZMnLI3Ig0eTjgr23ZfifWSXONpUyAfwFKcXVAGPUbCNW1HwqUrcp/aX4fU42+GSu5aHwLBN4s0X16YhUzj/uTqmkQZpVLQHR5klkywnHvirF9J4qLbxxfsjWqhm9MmNSto5It09mWtdGOkgLhNN6ewq2k2EY58MXtdgZRhsK3ggOnDr2EaJvaqgB7RFQ9qgOaUbcoy18bKjmyOUX360VGE24q377ZWa28ZclNJXov/ANU+nXKH4MtscrUav9iJUxntxf2vaKmiCbuL9bAym27XL/ISuOfLkajNbeNcpO+o7L81n+IlO8vL1ZOK1fkKMHyi75Ifw/rll2WJSKgAAEAAMAAQAAwGiKGAii8b2SrFMiqxhHRB0RVTyaBGUZWAGQgAAAAAAAAOhIyq1EirUSC1EgtRIq1EgtRILUSClEirUQKUSC4xIq1EguKApIB0QFFCYGcjURy5o3Z04pXl+Zo7cWK86T2dEZt9lRLAPQCKKXRBWP7gocaYRXHVhU179Aa48bzTUI9gbfwyxy20mtL8lzE1zSg1tkUQvkkB1Y41K0SrFSzWnFaSCnhn9VvaQWOzAnN8pPomrI2zScJOTe0uilY/6jm7apsByyPmuLcmB0QwzqM56vpMjWO3CuC3K2yK6MdzS+CK0oKpfkIboCX0BLTX6CFBtybbuuiiczdt+iLHNl8jivpa/ZU1nPzWqr+5TWP+p5J27d0DXO3GXkRSVqL2ixzrHyHU20tWBOJNJ/IVk5JN2tlZrmlafJ/JB1vjPx7Rr4jFR4pECp8vkDVracloCIR5Nr1ZMCni/jyqKd0Ubzlij4a47yN2/wACkcmOTbbZIG5RlLklRQpUuiDJunaCuhSvGqIsTfwBcXWwNseXk9vojWtoZIpprshrpx5Li6eyNNIqo29sCeAU4oDSLog3U016KglrqiBK31oo5vIVO7tiFccpcpSi2WIxbjKLhJb+TTI5uH0Revb+RamE5y5NN0ZVlmk3GmwMYtppvZplvhnytLslajLNqe0IlYckm2zTKv5fpcY6i+wjFurRRUYc8bly2heiMvZUNIAogTRQghgAAAgACkiKcQCS+BFSVlWPslWNGtmWjh2VG5lUTegJxlosyEAAAAAAAAB2KJhpaiZGkYkFqJFWokFqJBaiBaiRVKIFKJBSQFxRFWkQUkA6CAKGBLKIkUc+ZfSzXFmvG8ztnfiw86b+DrEQVCAbAQDQFQ7Cr7VhDSCiv9tphG/9P/jjl5ZHT9Ce9rfEZpSWWUm7r2a5epPERf8AKuN+zKlOPFJLYG+Ke6W3RFjKNSk1Io1wNxaSVkWO6PkQSUYRaV7I1qPKztzbXRUrPHPj3tv38AdmBwjJST5NdhqNfJ8lTyrf0x+CLrbw8iytyl16FI9HG0kkuvRlppaTAfSAFsCbV0wK5JIqMcmXjegPL8vzuc+EHb/BcZtYy/8AjXJ0BjPM4ySrSCan+RyjUe3uwaqKp7eyoW801H/iv+wq3jWPl61WwOTNFqVIIjJDr9BG3jwcpxxp1y+Swp5IOLkquhSM1F4m3/0EOWTlCioePIsDx5JRtfHyJcEZcn8k5ZOrMqym+SVegqKdNroI0jFtpR3YDyKKhSWwMH9qA0xu3RFVVRsKmLt1YRcHxf4IraMuE+L6ZcNN5XjyaIrsxZ+dNvRMWV0J2nVUyNJ6dP2RTQVrFewjRStb9AE2lHTH1HH5k12vuRYlcWZtwU0v8GmXO593oqLhKLTx3b7TIsErlHfaAynv2EYu1r2VKvFJt6X1IUiM05N77EKwltljNJ9UUIIqPsCVGwNIwddAKthUT7ESpKhgAAAgAC0tEURAcuiKg0hw7IRt7MtKj2BoiCMnQUY1US1DMgAAAAAAAAA9CMTk00jEgtRIq1EgtRILUSC1EKtRIKSApICkgKSILSAdAADATAhhUSKOfyHUWa4s14nmS0zvxYrz2dUSVCAAGAAOD2FWgikBUfqtIBYk+euwpZpJOuwDHb/QFSkudUAbi/pVaAzhFv6l6ZFdHjzj/P8A7knFfJSNucXO43xv2S/xYnIv5cjaer2BpFOf0xXeohXdBLx4pJK0iNeOblKbr0yo6/Gf1xjdQI1HpQmpSbUtdIlWN4fU7foirYClNICJ5OP9wjDNlcYqVpgeb5vnSacE+/g1Ixa4sEleu/bKkaZpqTSbpfJFZTTpN9eggiuMPiwLa1Sdt+wrbDTf09x/7KkHkyuST9rZNVnHx8k8TyRjcU90XE0pYZcU3H9FwNQajfTCqjila5ypPtlRj5NKcoxdr0yVGHUaAppyST9LQRlCot8lf4IrSCuPQi1MotRkkEGKSjOLuqEqOvzIRyeEvIxKrdTXwzXL9pHnyrikv7mWjpKN3sC7uvglIhx+vQi1altx/wCwJ5Pl2A5ttbINMGZw+l9FNdvj+Qr4/PTJiyu6CTXF9mWmddr4I0qMqrYGr3+wIk6T3/YDk8m3G1/g1Ga5YTqEoL2WsxioctSekVGKfGTX+GEaQm1kSb7ENPOuF/lki1hl0k09lifE45tdaZUPJPk69khWSdS2aRMkr0IE1+Qhp0qAEBtBuMdMgXSbYVg9s0lCWwgfZFBUACAaAv0RREKJEioaKycewN1tGWlRQFkET0IHF/SKQABAAAAAAAAB6kYnFppGJBcYkVookFqJBaiFUokFpAUkA0gKSApIgdFDAAAAYGcgIkFcnkv6TfFmvG8n7qO3FmuJrbOrLMoAhANdAC6AIhVxYGj0wgX3WvYAtSu6AnIk4/8A7FChcadMinJXuIFpzaSb60A+P8SdbsDNK10B1QhyxVFkjVOMfo4rVgb4I/xpydtpf4DS3P8AkjfzogeSN1w/uwNcWpxi39TKa9fxoKMOT2zNbjaqumRTd0vlkUOoq2VGOaWrdaCPL8vyHTjF6e6NSM2vMk6T5tbNRzqfH5Sf/wCqI1GmWVzv1WiAlN8Fb2ugFyllq3VAaQx6Tb2FdWGEVjtP6goyY04clv8A/wCgwoSlilcJNe2WXDFfyTn9Ldxb6LqYJJNV8EakaYFF5oqW0ajNjHycWOWedKq9ERz5MEceBZJO230PiMccrl/9ElXD/iuE5dbHxExVJEazo52totZZpVsiuzw3zeTC/tyLr8mp3MZvuuHJBqbjW1oy0XHXQQ1poButr2BEJVO70ILi6la9gXJLJG49r0AlWlJbTKi7cX9LJVj0PF8jkkn2ZsblbT1K/RloJphWsbX5QETrk2tgc2aDnCTT6KjhkkqlF012bcwqbackrGGs5Y0k03v0wlYSu6W6CNHLnBWkgpKFxt9BGL1K0WCp1N6X1CDNpJfkIajyVrv4KJnBxdSVCIWkBWOrAt96VEUsjqNAYmmVQJVS+yoF2ABQECCrfRARCqqzKpyKnosKlFZdGNXEzWotEDAiexAR0gGAEAAAAAAAAHsRicGmkURVxiQaKJBaiQWkBSQVSQFJANIBpAUkA6AAAAATAzkBnIDi8l6Z04pXk5lcmztxZrjlps6Ms2UJgJ9BDQCAa7AqLqQVtVxKh448tfBAZIVNFoqWOKxOUpK/SGDBcna/6Iq8XCLX8lr9AafyY4zfG3F/JUJR5wm30hFQlKUPp6INlJR+hPa9kV0QxueNP8hVTainb/QUY4SlV6XwRY2yZl9kFSrbKFjm5ZfoX9wPX8dv6fZmtx1NcqoirraAnJVfgDj8nIoxfuT6QjNeLny05KVWzpHOuSaU3cn+AioSeoroy0MuXlJL0gU3FvHyfvoqDHJKSIrsSfb1YVsnGMdPYaZLKotxfsLGKzbkEP8Aka99BSfkPlsKcvIfFU6aGlSsz227b9l1nCnk5QUX0hpicNKexEPJmUccscXau7FqSOeWZdEaHNyaRWC5Wn8Ig28bJeZNOkixKynPllm/yZUQaat7SKipJOSYpGUlc3QGbWgNI24N30VF+PJKdt9APk4TbkrsTpaTnbtf4A2xZKavsix3LNcUYrcXjmmiNNobV3QFv2nTRBxZnKLagrbNTtL085txy1L52jcc6WVxTuDtLphEyncavsCI021L17CG1xtN/oKnm51sqM5upfkRKrl9CfwAoRlO3H12PBWCUVKXL40L4fWblKSp7KJSCNYKov8AJKpWBnN2yxKllRcPtbJVjMqGgAigqBAaeiKF2RWiWiNM5osSiMbKjoxKiCmjLSQiX2IGgAgAAAAAAAAAPcjE87bRIguMSDRIC0iCkgKSApICkgHQBQFUUAAFACATIIYGU+ijz/KfZ04s15uZOzrxSuOf3s6ss6tgS+wgoAYAAR7CnWwjbG/kDWMHGX7KG8dZE30LCI8iK5Nx6ZaRDnxjGu/ZlUSi+Kd9gWsabXKSigNo8YKUdyXz8lgUIv8AhlJKkmIJxrlJtroyrthlSxOrTDTDeTKuPQR6CSjglenRI18c6inuL17Kjo8bG+fL0Kseh483kbadekjNbjtxP6q9IyrRhGeT7WFeP5+RY3S+5/8ARuMV5E5t3formnCnlmgrXJHg3x/6AjBillmmlfyWRNa7kp61H18BTxQinHl7+CDoy5VajHpEbjDLm39IVm521bB4T+5gVytBUSkEZykFCnoIrnYClPjQTUZp3VfBUZWEVzdqgBfa18sI0hm/itR99tjTGfPT+WRT5JYkk93tFQ3l3oiqvf7QRk1sDSNfxyt1fRfiM06V2A+b+bIq8dct6RRtHa0+iEdnjbin2vf4M1qVuqMttcb9JhVS5PSYHPldt/JYled5CfK1s1HOsk+FatMqIa+vXQgUouM/wIivIjU1v0Pp8ZpcdplRE9ysQpbooH9OovXsAi6AV/UBS+p6AabiBLYE+whPsotaxkpEFQIBsikUCCLvRFMitERo5R0AQRWWsVTCiTMqkIlgMAIAAAAAAAAAD6CMTzNtIoguKAtIgtICkgKSApIoaQDoAoBgACAAEFICWBhldIsR5/kbZ0iOLKtM6RmuCX3M6soj7YVEuwhpaAhgADj2BT0wLT6A6ofVBP4NQdOKNyV+kWI4cqac66sl9WMotJ/UrMqJytUtIBtVFOgHy5S+p1+gNMqcMSj/AOW/2X4iY3CN+2ZabKVpq9hXT4kIuX1aS/7Cr8jOlG49fAhWMc/+2o6TbsI0jkccVcnRGno+G3HEmlSfbZK1Ho4b438mW2r6KjHNJRjtgfP+ZN5c0uHXyac64skXHt6KyWBNSSj2wK5SjmlF9dMs6qV1f03JCGSfJa4urNcUrH+WMYZI1uTM6qFOsd3sjSVkfyRpLl/kGk5NhNNSspoU61YXScrIal9lTSAcZARKTkwhAIIYA+gD0AgFQABam1Gu7CKSb/bAmUXdWA4pOLCJmnFhTjO4gaxnwqiK6/HzKE070+0RXUnFyai9GW40T4sjTWM+VIDDyYcXyTESuJ/TJv0zUYrkmmrrq+isnCmr9lGmSHPA5JpOPr5Aw8jahL8F+s/GVtLsBN+yhwdS30wJfbAaqgD1a7+AHjq6+QhyuOmRUdlQgEUU/togmigQFNECAEtgNgUuiLGkVbRFXPoingScjbLoyRoyrGRFQEAAAEAAAAAAAAAB9JGJ5W2kUBaRBaQFJAUkUUkA6AdAFFAQBQAAAAiCWFTII5s3RqDhyrk3R0iOXyY8Yfk6cWa8+S+o6MokqiBk+wqnqAiM2UCIHEC+0BUFYHT47vRYV14dcr+Dc9Zrhz/Taa23ZmtRirlLZlV48css1jVbdAa+XiePP/HfLjo1ymJLrNY+P1dkDg7k29hSWT+TLshG+PHzuV9BY6cUKjzyaXpEaRka/k39r9BGKSlO6qKA3xvm7bpekFeh4c1fFPS7M1uPUxtuNv8AsjLSnKrA5s7bi7RUrxeP1za9M05uPyF/uOKd/kqEslKvfyBn/I1Fr232EPl9LvTSKJeS477IGncApbfSCyDjJkXB/G37YXD/AIG/YPxH+nkn2U/GmsUl2gn41Lxv4YTKIwfuwBxAVboIp4kAv40DEyxv0hq5U/xsafjS/jaGn4lx/I0wbQTCthFxdRf5AFqKYF+PxyZ0sjqL7LEoa4ymk9XoioluICqltbAuCv2B1YIpxp9kqx0pOFX8ErUbJ/TZhuNMM1VPTCll26b0wjhyR+pq9r/s1GKiVOO9GmWMlx2tp+xCqzwcaalamr0PuJ8Z5IqUPlpF+k8ZatWETJ3L8FgKvRBMlTKCFcvq6CK47dEURrkUPLPkyQZoqGAl2BT6AkASAqgE1sBxWgCgGRWuMlUpP6mgtV47rKajNd+SFwszVjlmqIIAQAAEAAAAAAAAAB9RFHlbWkQWkBSQFpFQ0gKSAKKGAUAAAAABSACCWBnPosHLmkakRzz0rNSDzvJnylR24zGK5Gtm0RnVUijEiif2pBEMAAuPQFRVpgEOwN8a+rso7sU44oNtW30biOLyfqfL2zN7WMV9Nv5MhLI4TTg3aYV25sv82L+VU5/8l/8AZrdjOYnBwz1BSUJPty6JFRm8fJ4rab5fDjtCzOyXWCXGd2RY7Ibxcvl0RqOrNKKxQiltdkjVcjbp5H10kEEZW0vfsqN/ExPyZPVRh22X0et40ccZcccUl8mLXXi7ukZVE5pK36A4vIyuT4rpljNed5SUWkuvZqMVx/yQd2uvZplkpJXatkEcvqsKmf1SbXTBioQ5IiyNY4mGsaLE26CyNo+PoNY2j434KuK/06fSKuF/pt9EwwngYxcDwNIYYlYvwEwfwJ7aGH4ksEX6X+AfiP4UukDC/htdDDGbw76JhiXhfYTEywhMQ8P4CYzlia6CYylEM2Fuis4cemmEKP0yTRQpSdsgqMgilByTfz0FKG9PsDq8VNTt/auxB081ObkvXow6RpHXWyK3glIjScsa0vYiVweRJ8m3po1GKwnkbrj29NGsZ0lN8eDVUBUf9zFLf27Rfmp9Yu+/QRDfqgF3ooH8IglvZQRi5SSirb9FRb+nXv2ZVMdsqCW2FKqCHSoCab6AtrjHfYErYFKIFRWwJkvqJFHSKCiAA0gSrEylTEF4XTsqO+OS4Ckc8+2ZaZhAAiAAAAAAAAAAAPq0jyNrSAtICkiopIBpFDAYAUAAAAACIAKRBLAxyM1Ec09s2MPI1Bm+MZrzGuUm2dpGWLV5EWkZ+QrkKRkkQZ5OwJARRpDogeN/U0BSXFgbRdP9lGzn9Feyozm7QVg7cWvggivpv2QEJuMtMKbaq4ga+P5E4T1LXw9oeAyShOb41ftltSLxTcUo3qzLca5Mr/4uwIyt1GKeltv8grSEVDG3VyYFY8ig6Te/gD1fB0otytr0Zrpxeg5/TaMtMY7dvZUcnlZP9xqJUrzPMntJPXVljFccVUvwVFNe/QEKOyKtYguOnD49EWOzH4yaQadEPCTXQXG0fDr0VpX+mpBR/p3H0UJ4aZVS8P4CpnC9UBHBJVRBLjSooaxrh0EL+PvRFJQ/ATEyxpsCXjr0QS8N9EErBbCWE/FsMMcnhvugljB+NvoM4iWGthGE4tNF1lm7KhxApNxegKjWpfnYHbky/wAkU4JKC0kS/teP6OKsw6R0Y0grXnx7IpydxVvYRxZo3DI5KnF6/JueRi+uNR/kkr0l2/g1GK1zOKko1bS2/khGEJONv0yiHJtU+kEHJNf2AlRf9yhPXfYCW0wjbxpxxyc32loXwxlJucm322JMW3S4sIXQDVgVQAnQCltiBpaAqKIGuwpS+4QDAVWAn2BaZKsRLsocJUB048miBuVkEABAAIAAAAAAAAAA+uSPI2tIqKSApICkihgBQwgAAAKAABECATIqJuixHPORuQYSejSOPyp/S0deMZrgUns6RBGO+TKMcquTFIyapGRhJ7ZQiAKHF7ILx/eBpJWyjRfamPg0cqaKIa5X+AMU0rsyIsBSWkBf8Eo4+UlVvouB4XGOa3Dkl2iK38nNhcKhgjBv47NWpjHCpOX07ow00gnKfdWyjVxUsii3YqxrlkouMfRCs5fVOoKktikezgeOWCDxr6v+SJe43HTVUrMtFKX01FbA4s0VT3TKjyvKa/lSjuisVjX1uyotptRQI0jj3VGW8deLBaWgrsxeNS6Irphi4+gOiKSCrTGtBte0XTFxUJpb2alidwRxxffaZU0PErqXXoprklGP1a/RlvWUo7prYXWfF2RVRgWCmr6QRnKNMioICghpJNMiC4p7GoHkjH1aJqJU+dr0Ga53BXoqVlkxWmEcuTE/gqOaWN2WVMRwaAqMfQQcaQG2HI/4/wCNr3di9k9dOJmHSN4EVrH6tPoKUuP8dO017KzWOTHkzR+mpfpmsY1xeTj/AIlxTtr7i6nxzzyOVUt1RWStqNSCocrZUUlf6IFfbTAm/lWVC6AFVgNUBTlaYVmVFxr2QNkVK7Ki0gGQVX0hRFbCCKuTbClJbED6oCJ/cIBMKl9gCA2jqJKKTIGQAAAgAAAAAAAAAD7FI8rS0gGkBSRQ6CGUADKAAAQAAEUAIgmTIOfLM3IMG09s1EYZcnfwbkR53lZPSOsZY4+nZqC/+JYicsKf9i4OTKtWZVzvsBeiBFFRIKx/cBq/wUaY94n+BBVWkwCbS6KMGrfRBnJUQPH9UlD5YV6OaEJqGLmllir/AAzXWZWfuuTj/FNqSqRLMVnPtrtkU8UmrrRFXG1KyjoxbyO9EWFkfPP10D604tzXHV/9ID0/DpTpfalX7I6R1vU6+ESrGU5SfKtII48yq/YR5mRPmys1nGLbZUdOHE2RqOzHh6I07cWFKNvsK3XHFjuToB48sZxbRBUciugKc6IpcwuoWTYXT/ma6ZdCl5MuuXRdq9MXnvsmiZZrAX8i7KaI5Qo/la6Y0Rkzb2yJqHlXyDUfzfkGpefRE0v5G9sYmhv8jE0ObS+AgjNNVZWUznukBX8XKNvsDmy4klpAc0sdPRUEcbk6XYiUqtteyocU12RW+PsjcdOMyrVaegrHM6b/ACIlcE8kknxbTRphlJycKfs0yzfqvRWSlNyWwIirdXRUXKNJJEUn3QCaKE6CF6AbqlQCARRUSBtgJMCkwKXRBTYU4dNih4/YES7ECm6SH0RJgNdAT7KKRFaroyKQDIAAAQAAAAAAAAAB9okeZVJANIB0UMBlAAAAAAAACACKTIMcsqQg5ZuzcRhln6RqDkz5FFdnTjErgbc5Ns2ytajRqBp/SiovOuv0X4jh8h0jLTmogGgJKhoKqHZBqtSKNcO00J6NIq8L/BYjKT2RUt6YGL7sgStbAHJt3ewrWGRyrm7SAmUqm92mEWqUE/yFa8l/G4++7JKtjfDNRxRpfX0X4T0Y8Unmlv6l0vkTs8P61lnHkr6YvqyO/wAeVx4qVfL+TDcdEJu13XQaXJX30iDj8uTcagixmvPmnB7VsrNRjf1N/wDRdJHd48VJJrRlqO7Hjp2yNR1QiuIVw+blcpKL+2JYzV4Zxxxf6Ap5KjyXfpFxDjmrt7Iq1kvfoip5/VoCZzpA1jKTaBrJz/JTWcsjStMuJ+TbHFz8bmnvlRr8ek/Ptz/yyTavozi/kUss1FP0xh+RRm2m27JhpcwaTk2MNLnXZMNUpDE03OlYC5qt9ACbV0VD5fTaA6MTbhdirEZI3F62RXLKOwgxRf1cFbosnSVhOLTt6EStIxtRktpi9LGkY0zLTox9kVt/xCsPIX0X8fAiV5+S5L+5uOdROKWumVESTjB8U3+Soy/4lQtPpBDVr2FNta+SAdUmtMomXwEIoLICgEVFIikwBAUuwLRAm9BWkXUP2KkNfa2KrKT+oQGQQSyguiBeyi4rZFaIyKQDIAAAAEAAAAAAAAB9ukedTSAaQDKABhAAFAQACCgAARBMnSIOXNMsHHkyVpG5Bz5MlK2aiPOzZXknSOk6Q3WOG+y+iVO0biLj9qKi87qKv4L8R52STyTpdGa0VUiCJPYEFQIC4EVomBri7KN4NVOJZ6jB9kVm39LQGV7ICm3oBU7oCmnHvoKn2Eaymm/7BWvj1722RY6IQUG5JN0F8LHln/NKcNuixKrFH605blLZK1Hfil6qr0Rp1tquMVaSMqhOUm/p18sCcsG7voupjzs2OX3fOkaZRjx7Isd/jxUWlHfyStR6EI62Ro26VPQHD5SUpPWixmljlH+OioWV/bJfBaREFSuTIKedvS9BRCcrbXS7YxEfzc5vYBly8dWC1yzyb0wmqzzj/DiUe+2arMb+Plb8XGldKdNmp8ZcmaXDNNfkw0TycscfwAlkChzaQw0lk2QPlclYNL+TbXwAnO0RVKa4V7+AKxztVfRRa22vkDbx3KM+D6ZL2RvJba9GWnNkgvRRlGUsWVTjposuM2avyccckf5I/bLuvTFmeJL8rmxpwlV6Hp46VVWlZltePavoitG+KewrDJJT+3VdljNcjmral16NRhhP65vZYlJTkk+LpfBWV4n48oyjlTi/UkUZTwuFSi+UH1JBEpcvwyKm6RQOVxQQN2gF6AAEygQQyKGAAVACvRFJv0WI0+F8EFPUQrFbkUOfZIIZQegBAaQM1WiIKIAAAAAAAQDAAAAAAPuKOAdAOigAAAAAAAAACBBQQJgZ5GkiDgzzqzUHJKXtm4OHys1ukbkZZ4oqK5yKrHLk5yNxkoO2UaxdNFEeRlc/pXZbUjFQ4p/JlUsDOfZRAQAawVIimgNoaKNk1zv5RUYy1IlVjP7mBHsgb07ArEnNt+l2BM3cmr0A3G438FErsiu5YePj48i+6b6LnWkvapScdX2ZjVJNYpNxfrdl3tM6X48U4uT010iLHoYPr3WjLcdOO+XBbT7YWNaUXXpkVnmVx0Ijkypprkl1o2ywnKKqMV+WwOvxuKSvtma3HY5OSqK18kinGO1bv9gc3kRfJpdPRYzY0x48fGMUt1s1O0vUcvkSUcjj2loUcs8jc6in+CDRfTHYDVrxZV05bZfifWOIhGGeb5Iqayk3J0vbA18ydTiqqopNFvrMa+JlvwsyvcGpos8S+uTyJty59KezNWJjJ8UvQVpBqadPZUNt2BDdz10BdqSSWnYEOozavr2ZVcamlB0pN6ZcNZylLFNqWmiK6sUsedaqE/8ApmvWfFThLG9qjPla9bwadMmtRtujLTKcW+gjCSW0+yoMUv429XB9pl1MTkwtvlB8oPp/BPBcHxVPojUaQklqmRROW03pMGssqUY3tFZcmWq0uzTLDqqfRplG+WgiWtWUa+Nn/jfGe8b7QRnljxm+LuL6ZIqKKgAYDrVoCX2AioEFADZAiilpEFLoKSX1BGkO2QE2FRF7KhPbIoa0BJRUVZBrFUiKtEDIAAAAAAAAAAAAAAA+6o4goodAAQUAABFAAAAIgQUEEsg5M8uywcGV2zUHLmnSNxHJx5ytmhOedLijURyyZoaY0WIbdPRQ8cN8mAZGgjGWohWDdgIIF2RWz1EBR7A36plF39SYGeX7xSMp92BBFC+AgUnGLS9ga48PKPJ9fIilNaqP2/LKh41G6Ir0PM4YvHwRg9pbNX/yk9c2OblkTfr2YjVazgsuVUrXyaqRSyvFFwUU38ma1G/j59bevhGWpXdhyOdPpfCDUb1zevRGkz5u1oRGHkR0l0yo4/4+M99lZdmCCvvXyStR2atRj0RVS/AVhkW172URz4TlL8CVmvOyTcpuTNMqxRt8pEWG5Xb9IK0W/BlvqRr4x9cjk0tkVn5GNrGpfgtjGscLX8sE/TEKflKWTPOX50Bv/TMCz5nCTaUovr5LxiWo8uMXHHjXcE0yUjmjFhWmONr4aYReNv8AkrV/+ywZ5bUqfoiknyl2BPkNRzNLoilGW6b16A6MVeRBwn/8i+2Xz+B6iIwa/DRNax2Qy/yQUMn9mS1ZGkLjSl/klWNVNdbsjQk7X4AwnUpUVGUuUJV2vkIqEnGuLrfQG64StyhtfA0xSlD3FoiifGUWmnRFc0pNRcbUl+TTLjzOk/lljNZ7f40VlLVR/JUTklcUBEWvZUU0+gE1SphSoBBDTpMCSgCAAChkAiiiCl0A+iKE9AKbAUSoPYUSZBJRrijZKNaoyp0QAAAAAAAAAAAAAAAAfeUc0FAAAAABAAACACKRAgpEET6IOHyJdmoOHNOkag4ptzkbQP6IgcWadybOkRkmUbRf0liHBWyjWb4xpFRhJ2RWOR+gMggAqCtkVrPooIdkGj3H9FDvoCMr2BnLpECp02FS9MIaVvbA1eWUcX8S6Cs7cuwOjHBZFjS+aHxHR/V4xjljCDvitm+XmJEeHU2pZF9HTMcWq1UlhnkUN70avvRBBLbaVsy1FRgrq2vZFd/j3xVSjEy068TSu5WyNDLJRt30Byuarl/yZYjBfU3L0Vl1+HHllpv6UrEV1XTozW4ltgRL7LXZRyZIycXK+wjmjjcml6KzjZQTVEVhJb43oqKh/wDBP8bRYzXLJtvYE/y/yScZP6S6yxyY3GpR2r0MGuTNHLCLiuMlqSLakjX+nSePyYSV/cXiVX9Qil5E+K6dsg5sjjX0PZALI4x4tdjQko8Xb+pdAHkqKUZwbakvfyKRlHSsilkfOblpWFJL0RcaY7UkB0NcvqRlqLxKuwreLa0RWl2iCZNxV9lE8lJ2uyoUlaf4AhQbp9hFxbUmnr9kVuq4rZFLJKLVXQHHmhGLuL1+yys2OLNJ3+DcYpRqU0m6XyVKcu2vYRHJLE1V0wJcsdfbsqKjkiotcSVYzbbKJYQ70AegEUCCAAAAGgpkFxX0hQyA6AiT2UC0ghxCiTtkgSRR0Y1SM0izKgAAQAAAAAAAAAAAAAB96YZFAFAFAAUEAAgAgRAEUgJZFZ5Hog4M67NQeZ5DblSOkRMI8Y2wMs7+lv0aiPOyStnSBL4KNkqihEaQaWywKUtbAwlIgyYCKAC4R2QWUKL+ogrlTKHYEzekBD6ICMv+L6ClP5CFtgWlpN9hXRPDH+GM/bEWxHjycJpv/i7CL82fLPKaf3bLbvaQeDn/AI5pS+1Pok6VtmnDyfJvGqs1btSTFQ0227itX8ma3G8M2HtqvgyrTH5UeVcdfCI1K68eS5JypL4IqfIzcXT7fRU1zpOTubaRSdqSiqjB6+CK7PGcYc6a0jXFKqMm7fsxW4qLsKbjaYRhKP07KjKMUotsEEYWBlkw7bKlUoJY5V8FjNcuXHxTr/IHLjxueTjH/JZ2zTjLjJpvpaLEcrbc217Zka4pyTqLpliNnlc8Tt76dlHPKSWorfyTVJTdWyCotdd2A27xvG5a7QEYlT4y6YUcNkVpDHsitP4iKqMaCxrGNEVrFegHfFgJO7TCJUElbaaKJ662ggjclbYFxeurr2AcJRXKL/sRWsZKS+pKwOPykk6XyWJXJnj9FpaLGaxUu6NMK/4qQGadS/ZQ3FICaAE6YDck1VJAT7CD0AvRQBAABQENEVS2wNUqikRUy7AllEPsIYU0gCiBxjbA3ijKrIABAIAAAAAAAAAAAAAA++IyAAgAAAIEABQQIgRFIgTIrKaA486LBwyxJNyZrUc87lKvRocXmzr6Ub4xHF2zY0xx9sqKbsAlPiqQE8uSAzn2BICSAqK2BqkApWnsoiL+ogHLYFN6AH9oEPoBIAv6aAvH9roAj92yVqO2CllqK6iiRqufI+DlFr6vk0wzduCsDTxoLJlTlqK7KglP+LJOMdJvv8EvqxqsvCKjTv4ZPGtaKUYpOrbIreLjx+p0vwFXjb7U2l6BG0opySW3XbCtMjhxUWt+iCIOEXTVsoM8v45XBaapliVeCVwtNkxrW+NO3sy1G8VxXZFTNco1RUR/HfroouOFUq9lRWTD9OgOScOEXJ9IrLgyTc+Sa0IlLxYf7iTNRmuXyIp5Zxj6fZEYqNRd+mRWmvpkv7lQ6UZNMIicW71/gipjHW1YVUI730BrLCopSQpErE7I1i4Y37RBrGFaaIsXx9IKHBohFRV9BWi12BE7f7QGfJvT01tFRPJ3roIvlFxv7V6AmLcmm+gNk13Hv4IpQyRkqfV/4L/1P+DI+C5qXKPyvQTXHlmnK27sQtc85coNI1jOs4/orIW4tAKUHGKk32X+Bp3C32iCCoGFEWk9hCYB6ARUACAYUBDRFaRiBp7RFRPsQSiiPYQBVRIKj2Bvjx2QW4UZUAIBAACAAAAAAAACgIAoA+/DmAAAIAKCBAAAQIikQIik0QZzQHLlQHn57bpGoObI1FGojyvIlym2dYjKNXsqrvQQnKiiG77AcHSsCZbYDSAfHQFY42BpkVNJFGebTSAzWiBN7AtvQCb+kCfQCACioSpkFJ3IVY9f+lpKLbSMOkc/mYryZJJdm2LHntvr0ghwlJJ10BWrVu2QaSyLJkuT/uKsWv8AcmvS9EVpFf7iinaKRu5UmlJfpEVWJtR5O7XXwMXVttu72/YFOS/kSq66KNfIdyjji/VsBKoOMI+tsiuzx3pv0StRstt6Ip1sA47/AAUVFVLWgHNpRd6LB53lSXC26jevyVmuFQlJuctL0gyiXOD5p0wI/iUt07eys4zzKk0kRWSWtMMnTTqS7KKcakqen6IrR41BWFPDj/lnxWm+ixK0lhcHUtolixpDHdX0ZaXHHtr0RRPHyWu0A4JNU1+CKtwaX1IqE8dEU4xtgZzUlK2utFSsMkpKXWhGdQ73S+l/9FEwk4S2+9BFfb+mFawkqfJ/pkVlkacuVrXwEpTzLg1H2DpxylTNRin/ABuWO7pIqMoPtfJRp9ONadv3+CCG+S/XQElCAGAqoIRQPogCoQAAwoAqC2QaxIq3pgRNbsCPQElCCLS0RVxRB14VUSVYqWzKsmAioQAAAIAAAAACgAAAAD9AK5gAACAAQARQAiAIERQQS0BEkTFcudOnRYjjliqLbCvN818U0dIy8mb2dIJStgWAcb2BmUXFfSBLQFxiBo4/SUPGqAicv9yhRnldsDMgF2BTYA+gF6ARQANAUtSJVj1P6dOn9XRiukdnl44v/cX2mpSx4meKUvp6ZXMpVCKS7YF5P4Y4oxUW5vbkXekYvjGf0u0RYuMnp7I07cbjDG5Uv2wdCEP5bndL0gsafyX/ALcXaQHV43jyzuv/ABGaqMrSy8MTTrt/kv8AGf6zxz25P30Rppjbpye2+hSOvFNKKT9f9mWpXVjbr9kabQ3fwUOtsB0lG2By+TO0o/IHnZn/AC5ly6XS+DUYCXKN706CnPHzTikDGFuN8tOOqFZjnlGUm/gIycVCavSAvKoOMeEuuwkaKDlH7bpBVPHyhbAWLS3pr2CNrbjTdkXDjaavpCrG61ZlpUeS2wCMNuVaCL484kVEo/SEZqdPintFCyXONoJXM5/UuS6KhOSpqwRhyVtP/IQfyWnTuvQUKfKLSTX4+RSVnzpUETOe9dBNYSd77NRFwk3GW+lsWJEOPFlB/wAWwNILjHXZBnPsRQlaCJkihdoIRQ30QL0VCAAGFAGkEQXHsgr2wqZMCH0BLRQVsDaMfpMrDhHZB0wdIgGyKlgSAioAABAAAAAAAFAAAAfoJpyAAFIgAAAIABEARSAKIFQxUyRMGGSFgc2WNJgeF/UvpbOsZeWzSrjDWiKHAC5R/wBsIwrZRUNAOStlFQsDVr6EaREXSbIrC+U2yCZvZRADQDIB9AD+0BFAA49kDv6gR6HhSTkjLpHrZPqxV6EarzM/jc22lRWMc+XEuUV+KKzXM4tSaW6AeWNcfygHifH8gaRcp6v6VsitoTbx8Uq/JGk4ZvHbZUj0Y+TeCGONp9uvZfgwbfN8dN6ATy21GKpJUSKuE5P1tukgO7Gkmm/X/slbjrg1Ft/2RFbN8I2iKeOVxt+yozz5UtegrkzT5yVf/wCRYlYzVZddPTKgyYpQiuO49sqL8ePN2n3tkWM/Lxxbk0tsbpZjhipW1e0GDnCM3ya2FsZrFTadfsI1xNRl+0FxrFV9L6ZFDw1bW0DFQiuKrYI0eK06eiLggqSftAat3pEVotxoCYyS0ERkShFvtewOWcdXWn0ysljb3EDLK6mtb9iJUSjGUW42mBjTtsC5Y41yWr+AJ+37mrAmoy9q/kI58n0yaNRKnXaKiXroDRXGMcmnfpj+Hqo5F/4IgUp3ddEikmqqt/JUJIKmfZYlSEIoGABCAAGAIDWMrRGlR0iCv+LAgBMASbVgDWwrSHRmrGkESjQgAEAgEAigAAEEAAABQAAAAEfoRtzACAAAgAoIEAEAAiKAFRAmBnJEHL5CpMuD53+o/VkZuJHn8LZVdGLH8kVUse7CFkjUAOVqtlUovZpGjjcbAIaAqU/pKMnOo0BnF0QQ+yhAV6IEA2APQCKAAQFVYHV4U+M6MV04vaxS5Y17ZGhOKuKq6KjmyYE8krXTs1PUs6eblx8Mkm9JsVhhJXbv9ALlSoDaCcYck/pYGkW5tttJr0Rpmtyp9WEdKlxzPHhblH/yL/wjRNY23J9LRGmWGafJsqN8EuHLJLt6iiVqO3HSjHduyVqOvF9TV+iK0yP6oQT/ACxCr5VGUvQVwZZylrtlkZtTjqUm5elSKLcHGPJq3IouMVHDrt9pg+LyRWHcF9MkKkZZkqpbbRlpxSxcHb03uzTAlFfxqVb/APYGUUmm338EFY4/VaV0FbONr+/ZFNS9SA0iuEn/AOLIKWot9kVL3C1/cqEpOL762Bf8j5afewFkuM1/+3RIlKUnFNTBrljNzuD+29MqIjPjkcJf2YRWRqav2uxCsG+MtbXtFQppXrSZFVCNKk7bFIwppuwMMs064ljNKT54+S7XZUZeioFsDo4/7Ub69EvrUQ19SQhUzXGTQglPZUaejLTOXZqM1JUCAABhCAAGAIKqLINYOyBy6oKn0BMmFPHPimhUhrYVtiiZqx0/xpIzVxDREIBMoQCARQAAAAAIAAAAAAAP0I6OQAAAgAABEUAAAQACJgQA0QZyQHJ5KuLLB4Xl4W5miOePj/V0RW0cVdEBLGURPH9IHn5nTaNQZ43sDdtLC/kQZctAJzKIk7AXSAgoAGAR7IH2wCTtgIoQRUUBokUOLcXaJZrUuPV8LM5OKs5Oz0ppcoujSInBY8kpy6o1P2zf08rNBPJzyL6BL2ljgcW3xjsMoUXuwHCfFOL6YApOnRF1XF8Uyo2wuUG5Re60RYWaTdJ/dJ7EWrxzpX36oqN3kuqWkStR34abg6+3bDTpxSrJ/wBkqwZMlZ+TeiK0yZl/CktthXGm1kb+EaZU4NSUo9MC8eS8qXdfIGmOP8s5S9X0AZJKcOC7j/2PRzTdSf4QLWGfJyj80GShKTxJpfS/+ipKT4voinH6Za6fYHTFL/TTb7ekL1BhBpybl6RFjVPjXtMYuqjq189EIJR+lzX6YEJpy+pdoIzjPhkUZdIDbJPni12uiDKM1kW92VPXPOXHKnFa+CxKnyX9cZRVJkhU86iwJnNSVpetlRMVzxNp/Un0CKU2oW+0Rplkk5Ok9ssjNrkkn17RpkloIAKjjbql2FdU4VijbMb23J0xlosSspO3bLEJFRo/tMtMpGmaRUAAgBhCAAGA0RTQFwkAN2yKf/ECWrQU8ONzlQ0kdP8ABcqRFzFQg4sit7tGFRJBEgIIllCAChAAAAAACAAAIAAD9DOjmAEAAAAAEAAAACIoACBUBMkBz5Y2gPOz+Pyb0Ec38DT6IrSOGlbCsckPqAjJSxuyweJmd5GaCxrYVc7qhEYy1ooVgJ9AJsAKABAUuiBIAKEENAaRRRZQMDTBleOa2c+XHXXhy+PaxeVHLBX2jEvyuljSc3KMoy2jcc65fIgpYGktWCvNeJqTa9dBnGE01HfbKjEIqC3TCum7xLkvqKM8c2p77RlSyScslosLW+Li4xiu3uQRcJW9dIjTt8bP93LXPSDUdH8ifF3tdhU+VPpr2Ra2wtfwxt7YGE5OGV302EaRyVx/ZQJxuUl3EocMzUW0+9folJTT47XYVjkmnNu9sJWU8bhFOXUuisob4wcU2A4x4xhNqqeyo2yRh/p3K/q7RPiksijCMXdrbFImMuTde2RWig3LgnT7AmFx7e0yK6sbU8OWPurQk6L65V9UWk6lDaIJnJy4ySVliUZJViaXRL6RniklByXfwWpEONfU6qRcxN039WJV9STJPV+FlxJQUkqci2dpL0UcDl405pasudM72z8ePLNGKen3Yk1bcY5/pyzje0YjVYRk079o0wU5p2/bAhKyo2yYuCh8tE+rPGuONftk1rG84pxMtuPLpljNYs2wcQLf2mWmTNMEUBAIoAhAMAAEFAFRZA/YVfoikugN8EXjyxfdifo/r05Y4pppdoy16ylFLZFSiBSRkZtFQgJYCKhAIoAAAAAgAAABAAH6GdXMAAAAAAAQAAAgAgAABEEtARKNgYTx2QYSwq+iKiUKQHLkikwODzclRaRYPIceUjStscKdkVGV7CMJO2aCAQAUIBgICn0QJ9FAAgi4oC0UUihgKtAaY88sdUYvHXTjzen43mLi1LdnPx0zWn3qm6s0y582BptLoqPN8mL/AJWvgrDKNKX1LQFL6pcogE5SXe7Ah3F3fYF42uMrA6PE4uE26T+WWClqOvkitsTahFvpD4sdHjzjLv1uya1InK3L6VL2A8WZ8ePuLIa2Uo5Er+bKqZXGbS2Vk1lSjrV6IrN5NaVAaKdP9gZz7d0ioM8pyxxv7fQwqFOKST7aCKVPHFzlf4CC2ouKVoqocrUfb6A0UP4243+SUilk45oyvRItLl/uSrewrfxsl5JRa/4sTylcvO+TTqzIztxu+kBr5DUYwV7cbZb6kYwmn0BlOTlaT0EXj5KSSffaLPT4vPlcp0lX4HtRr4mb6cmKSdNXr5NTxK5q/j8mLh8+xPS+OXypf/3Mjdd+jM8WsZP6iogC1G6UVsDplGsi90jLUaqDkZaXk+mOyK4srtm4zWLNMqiiEXL7SKxZpggAoEEAAAAAUIgAGgH7Cr9EU4rZFdHjJua/BYlejKfGH1f2M1YynJSjolWM4siqbtGRDAkIlooTRRIQAIoAAAAAgAAAAA/Qjq5goAAAACAAAAAACAAQAAmQQ0BEkQZyiRWOVVFkHm+ROmyjzvIXNlHOsNMKJLj0BhONbYHNLs0EUDAQQBQBSWiBdlAAghpAWkUUgGgK9FDQEtAOE3CX4M2a3x5Y78fkcsdI55jp1WvKU5LdosZYeTj+u+O32VHH5EFGSSKzjN3B63+gFJ/TH5AXbSfQF40qlfSAMb4zV7XwBpzudrW+gOjnJqo/aPVla4FwTt+iNxLk+LCF1kv3RUawuPF8tWRWspf7/eqAmbUk3H5L6J5Jvi9WQOTp02UEntrsqNMj5eND4T7IVzzUeFr7kwipQ/jwx5bv4KglcYXe/QVhDInP+5B1ZcjlTbVpCrGMJcn30xBc5KGS49EVbyyxuOSK7VAYTlFKKXvtipDhHn7pIk/a1Oacsktrr3+B/REeqQQUlD8soSlUov2iQXkTeSU1r8GmS8bPKPlQ46d0OJSzRlHypKTtXoQrjytfyS/6JFRJq0yoPegNsCkpXWiK6If7k5Sa9mWpG7S5WjLTLK+X6C1x5OzcYrMrKogXJfSRWHs0yQQFAEAAAIBtEUigCGiKfsK0XRlWuGK3ZLWpHZ4UFyb9F8ifXTlUZQaszVcMnwk0mRThK3sDUyJaAloITRRLAllCCABFAAAAQAAAAAfoZ2cgAAAAFAAAAAAQACAAAgVASyCGBlIg5fIyUmQeP5OS2yqzhC9sgnJAo55rj2FceafJ/gsGLKEAioAAACmA3pUQSVDSApIooAAaApFDWwHXyAumAKbi9MzYsuOnx/Ip0Ysx1l13uSnBOra7LErjz4ozcq/sWM2OfFjX8jt9IRK55qk77sIcYpU5dUFOD+h0utgOElkmtegKcXGdf3Ki8D5Re3aehFbKfXDddma3CUvpoqHjf1u+wjoULUqfW0XDTncZNyFWVEJfVra+CQLJpqSIHKX8kkWAcuO/7FRpgleLJBrT2vwIVjmioSUW/uCNPuSjLqCKEnGX0y1rTJo5G6yJ+yDfPkhOGNxVSr6haqYqtr4CtZuMsSa7aCIllvx18pkVk7lJJdseotzUcahF2+2yerERy6f5AV8Wv+yoOVr8gZtSTtbQFxm7T+e0VGPPjNyi92RXTJyzuCj9zVGs2s705c8HCbjNU12ZVnw1foopRpkWR3Qx/wCyv8mbe2pOmsMa7XTI1Ffx3avRBjlgkgOLJ2zUZrI0yqHYI0n0Ziud9m2KSKABBAAwBBTbIEVAFCIKCtF0Zai4OiVXRhyuKdAdUXzxXeyUjjyr6iRTxvYo6YrRgDQENAS0VE0US0AioQAAgAoAAIAAAA/Qzs5AoAAAAAAAIAACgACAKRAASyCJEGGTSZB5/ktu0BxPBcrYVqsKjEg58kNso4PJkthXBk7LBmUAAkVBQAAdBQAgGgioooqgAAAZQ0BSAdgACaAm3F2uyWLLjrw+X0n/AHOeY6y62m3/ACJx+1lRzTjG5U6lYZc2RFREn+QNMb4qX5QDhPHG7T31+C6jdQ5Ynkrkl8FngPGljjlUk2vwySjph4yxKc3kgoet7Lfx/ay39OfNFQ4yjPlEz18VljybkyDq8fKpSVvfVGoNvJbjJJql8CpGKl9dxIqptKnLdgLkk7/wBcsilFRrv2XRXjTUfJjCW4vQlylc+WfHyZKW1B1+iI15/S6e5MozhLlmjG0iT0Rmjxyy2mgIjKlvdkU45HFUwLlO4qvTKDIvpaSFE4Mix5lOSuNbQlwvYk4rlKPTZBk38AXFOb0tFkLUN8X3sguD+m/wVDhLrW/ZRMcScpN+lZPgqNpX+NAGTK5Yk5VL/wBkpHPGPyFkaxhz3WkZajuwqoXRmtRaTb9pBVOk9EHNm9lHFlRqM1izTC8fYo0ydGY05pdm450igAAgAQDAAAAAAqvSIsaxWjNaikRppFfBNHVi+1IzbqyFkxpk1pChTGpjeC0ZQ2giWiiGgJaKiWiiWUIIQAAgAoAAIAAD9DO7kAAAAAAAAAAAACAAAABEUmBDRBjkhZBzzw36IMnhS9EGeSOgrzvKdJpFHleRZVcvFgXHF8jREo/VRYLUDSFKIGbVMgQUACQRSRRSQDAAAAKGAICgGgCgE1+AJquiYsuOjFmf8fB93ozmN/lp50lTW37IM3iqF/IRhPE16LEpR06b0A5RpRft+gjt8Tyo4MLjOClyfRZys8M1zznBzk4rim+iauJdzbdugI5uqYw04R92BtgyKGR8+h4OrysqnKE07TiAeJH+WfGrtFhUzq6vrRFROSSS9oAjyS7pvYBi5LKp90xEXnis/kynBpcv+I9B5ijDIlj6SSLbtI5tLKqZFW5J8t7CMpS1oirh9UL9r0VBz+lEVsnzTT3+UaRnwajtkw1Nvi/gipvQHVCNY4taTWzdjLD+Pnl4J0/kzFqMk+Mf4/cX2PQ9xp3dgKLlcl6IpNuV70gKxxbjVkpG/wDBWJt9omt42wYHx9EtWRrjg06TtEV0JEVnkj7QRzZUUceZFjLnZtg4dgaz+0yrml2bjFIqAKAAIAAAAAAKCDSKtErUb44ma1DlCiKuEbQHV46tUzFajb+NOVMkax34v6fDLgtfcdOU66c97cWTBLDJxkuji0zYRLRUQ0US0BDRUS0UKgEVCAAEUAAEAAB+hndyAAAwAAAAAAAAAAAQAQACIpNAQ4kESiQZSgQc+WGgPM8rH2UeTmhymFKGD2RTzLhHRYOaMTciKooTRBjNbIIChIIpIotIBgIAAAGUAAA0A0wGgGAmgFD6ckX+SUEptTdv2SxqVSlcXvXwZaUo85Lk6Ah4Yybp6X/ZYmMZWnsIErcdAKdcpV1YDhL6WrAONvTAqNxjdAU53TdWmB05YxeLnjffoeheNKeOLyRdcdDBKfOTaYCmmoKQFeS/rU49OIozw5H2+gp4pP8A1ClL1sRDzSb+qWrdjBzuSciKqL/OmEDi9rtdgDaUI8X32Bcfq+bKNfH5OM+LevuX4LBeanGFWkL/AFIzk07royqIxt/go6VjlmxycHqHZc2am50wg7VL7iKyku627HotJRhUtPsUi4p43CWSP0y3+y/+aepnxyZ5PGuMXtIxv7az42w4XfL4M1qRvF8sdSIrbDFqGxVjWMaRFVQEZOgjDJHRUcWdFiOSXZuM0Q7CNpP6TKuaXbNxmkVkBTIFRQUABAAAAUyC4dkrTqwroiunLgfDkkZrURhpTEHoLxKSnB6Znl0vHsp42mrMV0jfxfJlilpm+PLpnlxT5mb+STl8mMxHFythDoiE0UQ0BDRRLRUTRQgEVCAAEUAAEAV+iHdxAAUAAAAAAAABAAAAAgAgApECoglogzlEgwyRtAeZ5ipNFHmTx7CqUEkQcfkSUp0ukbkGRQIoTIM8iAxIKjsotAMoAAAACAKAAAYDQDQDACiWvkgiXZFU9JJdeyWEp85LaM43rSEo8eT+AMnByTb7fQRWOCWN98ypjGceDaYEhFQaUl8MKubvGoL0wFGLcboYNIZODSa0yAeV8JJ9sAg3Hcd6KCWVuCj6QFuaeLjd6Ayx5OMXGtgaRg+N1uwK8yd5OKXSSHtJ45H2A7cVXpgUptQIITKN3PjBQT73YG3iQk8zjGX3aLJKl6X5jUMrx2pKCpMm73FkxjF8k/QBjxuWk2WTU16Gbj4XjrCmnOTuVevwXle8nw4z7Xm5Vf1rTbMqWHuqfJibbg9B/wBPX8M/5ZcZxaLfxnqS2uCbbycVLlGOomP61/HRhwNx/LJa3I7IpRjSWjN7anSeFRS9MDXFFrXpAjUigCJhGWRWUceeNFRwzWzUYpR0yotvRFYy7NRikVAgqqsihLewNp41wTRnVxhWzTJFAAANEFx0yK7sMbjaJVj0fEccsOEu0PVcvl+M8ObXTMT9NOnxMsklCTtEvax6MsHLFZixuVw5IcWWFYZJWqFYRCBLUaqOjOqlxAhxKiGiiGiiaKhNFEtAIqEAgAoAAI/RD0OQAAAAAAAAAAAAACAAAEQAUECARBDRBnOOmB5nkwtsDhli2Fc3lyWKFe2JB57ZsIoLAKAiSsgwlGmA4MgtFDKAAAAAAAAAAAYDQDQDKE0AmiCetEC3smLqoyvXwZxqXWyakuXwFVCE45Lq1ICfLgmrS7LEscTTToMmgLlair1YUSnKoxvSAJO6bA6F46l4f8t/U3SRfiMbcIJ9MyqFIouN7AlK7aAIZGmk26sDWWaS+0gnLU8UZ0k+nRRly0kgKck2rWqAm9/hAaKrXYG0ZfxYnPl9T9C/oc8puT2BpjyKMdjQ1kk2lHVbsf8ARvkaqLbcpPtF/kP+nnwqPCTdpxtoXJUnZ+BhjKLz5JVGElRZZxmpdtweZnefLKSen2vk5uiPFxXO5KiVZHfjik/hejLYl8LYFONRV9gXB1PRBpQUroCXcn+AjOcWUcueNoI4ckabNRmsfZplp/xIrGXZqMUigAqJBpCFsjSk9UyDKSpmolSwhFABSRBSIr0PAd/Q2X2HjpTeDJZmVp05pQz47fZn61B42F6ot46S49XBaxuM1v0zNnS68/y41No5604+NyLay1hDRztFOJFRKIRm0aGbRUQ0US0VEtFEtFEsqJAAEUAAB+iHocQAAAAAAAAAAAAAABAAACIAigBAJogzydEHBmhtgcebjji5PpEnY8LyMry5G316OisQEUADQBWgMpogxemQXGRYKAZQwEAEAUAAAANAMAAYDRUDQCaIqZLWgIaZBeLJScZdMzY3K7/GyxklF99WZaaeRCElGL3XbEpY8vNj4Sen2aZsQo8noIJ/HYEqTQRq4t41LpBTx5pY4ygnae6ArM1PGpVTRBzoo1t8bi+1QGbbWgE1sCoy/wAAU2v4Wl6kBl7AaV/4AFoDfx/qmr0olnXaH5ElK3Hoz6rnSKNa/wBlutJgSpNtAbRmobauXob8DyzlOK5P8EVpiycPCniXcpJi3ZISd6MWO5pS6ZlrHZGC437RlrG0dr8kVMtKvgC4/VTYFRS5sKb+7QBTYFJV2ETNaA5cseyjhzR7LGa5Wtm4zVcqgyDE2wAgCmmQdeKpxXyiVqJywp2SFRxsqM5wcWUQENKwKoKcSDbBkcJpoK9aKXl4049rsln0l+DFj4JqTJa1HT42ZYnT2NMd2LyVJcZf2Y+Di8mXPI18HCtsYw2TUaxjoxVNoghxKM5RLEZtGhm0VENFEtFRDRRLRRJUIBABQAfoh6HEAAAAAAAAAAAAAAAQAAAEUgAgQAQZzWiDkzpJNvoD57+p+YsknjxvS7ZqQeayqRQgABrpgICZdEGM0BMXsg1RQ0UMAAQAAAADAAGEMAQDAAoKhPoipaAh6IHCTjtEsalx0Yc9v6uzNmNy62zKOWL4/BIWOb+NxSpa+SsocLcr9bAnHGL7KmD+R9evgBJ1J2kwHBpxcJdEDxxSjJ96KI5fTX5AO9gVBKrl0mBEVu10Bs3GcHGMUpDRi1S6AK4q/kCVoI2xNRxTbW30P4HhnGGZSkuUfafwWXFs0ZIwWSUsT+j1ZNExuSa3XYwU17QC257dkV0qCautGWpF4sPN16RFxtUXHqmiLhwb5b0vYG+N3Jv0RVNW3rsBxj/koIp22yK0SvYBHQFN2BDQGU4hHF5ECo4Mipm4xWbZpm1JWQFAABrinwlZFdLg+07TMqhxroCnFTx77QRhLHqy6uNMeC0S0kRkhxYlMZoqLgwrt8XPLFJSiyQer9PlY+UdSJYsrn4yhKmiNNoNtVdMirW1vsxzSKUDk0tRMgcSCHEDOS0UZSiaiM2jSIaKIaKIaKiGiiWVCKEAigA/RD0OIAAABgIBgAAAAIAAAAgAAikAECARBj5GaGGDlkkkiD5r+p/1V524YtR+fk1Irym7KJAEUFAJANoCQAgzmgMnpkGkHaLBZQAAAAAAAAANAADAAgACqYAQJoCWgEtRaIJt+grXDl43ZmxZXXjUMkfof7Mts8sPpv40VHO48UERxakvyBSUKqXZdTEJJMDbCqjN9qgM24zmqVUTtVzxcEpemBM4pJhE4o3KnooEkpSAiX7AKb12A8cVyTl9vsI0XFytfb6RNVE0r0FCvj+Ajfxpfxy5T+1qmXwzUyhwk0ncX0yKrDj2rRKsdihaSXRnWpG0KimkRqTDgtPQD42//YBFU/wB0V9NEAuwBxtsBqgo/QCAOwJlEI5M60VHl539TN8WOTE2wQQAMigoa6INIZJLV6Ji66MT5LZFaf6dtWL0Q1h/4mdaxcI/wy4y6GmOfyq9DitcqNua8cHJ6A3jFxMtO3BklBaYI6sWRT+/ZMVo4L7oszGk4k3kM8kdaicWzoyE0QQ4hGcolGUkaiMpI1BDRUZtFESRYiGaENFEsqEAigA/RD0OIAYAAAAAAAAAAAACACAAApEAQIDh8/8AqOLxIu3cvSRB8x539QyeVN8m1H0iyYribKEAmyhoAAVgFgJsBAKSIMpoBQdMg1RoADAAAAAAGAAAAAwgKoIAoLAZEJhUgS0AUQXjnxepNP8ABLGpcdGHPjmuE9N+zPjU7V/DGaqTr4YMRl8bjH71odJ2zywUeMn00ClLHpSRRcI/7UtEExguX4BFzTyY6+CL6z4PImUTx4TV7pjUw4rnklf9gFkhUVGtgZxi07A1pfw6XbGmJUHaSAODjeiKqKbhvSKhSbaSZFWrceK6A6sCXHZmtSN4xqVEaauKUaIoguMXQRaSr8gOlVUAR06CrSt7CB6CpbsASYFAFfAET0nsI87zM6WkWdjzZPkzrI426EiofECWqIBAJoAQFLoDXFk4siun+ZuNGWoh52v2jONaJZ+a29oZhus5S5rZqTE1mouysurxse6ZNGmRVOkSLXRjSUSkVG09FRo8jXT2ZxrW+CXKmzHMldaRwrZ0ZCaMqloIzkijKaNQZSRpGckVENFGckaGbRUQ0USyokoQAB+inpcQAAAAAAAAAAAAAAACACAAQUpSUVbdIg8b+p/1mOJOGF3L5IPnM2eeablOTbZVYtgKwEAFDATYCAEAACQBoDOStUQZNUyDSDtFgooAGAAADAEAwhAMAACgCgAACAYCATAFogigD2FbY8rSpvRmxZXTHjLG1d67I0UcLmnH18gZ4rjakrj0PO0axhGprHbb9FRGKDcqX/ZGoqMHbIqcaaUklewiZY7kn0UTG45LS1YFTSWS3tMgjg+ukwNYxjSilY0xaxJO/YXGeSDT0RSUGt1p+giIx5S69lR1QxpkakUlwltaZFbRi+2RW0U2rZFVxVAIBgEX3fYRV0FDbkA/0AgGmvYE5JxhG7CPN8rzG7URJq+POnNyZ1kxy5ctJI0wpICkgCUdEGVUwG1oCUUNEFBWkJNqvZmxYOLIoafwUVjxSbFqO3H4vJKkZ1rFTxrCvyZ3VzGUU5StmvGW8ddCDdVVi0xzym/5BCu/xVaRy5rHbFHGtnRlRRBDQREkBjNGoMmjSM2iiGixGbRoZyRpGbRRLKJZUIBAfop6XEAAAAAAAAAAAAAAAAgAgAIy5I4oOU3SQV83/Vf61LK3jwOo/PyQeJKTbtsKmwEAMBACACgoBUA9UAqAABAS0QZTQExdMg2WyhlAAAADAYAEBQABABQVAAAAARSAAEAqAVECAqM5RemSxqXHoeJ5EODjN02zN6bl1eWMVCo7TGmMYXGTa0xUdEccJ8ZKXGXv8jZ9MrbH49f8o0Xr9qyjjxwnKK+q/Y39JhSwpwv2ZXEQxUlJ0WUxGTFu61YRWdQeOCgtpbYt0kxKhSvoinfu9kVD737Ip5NJWWojHHi7XdhHXiipX8mWoJwbYVtCOkwKXSIp2AJ/IQN0q+QpN1JUAJ7AtAF0gE5AY5fIjBdhHneT5bn0WcV3HJKVnSRyvJKRWDSKLSApAMgzyRoBR2gM2gGnQFJgbeK4xzL+RXEmq92P9PxZsf8AJiVnK2ukkbY/6fjnjacVaH5dL+KMf9Ogk71Q/OYfihZMeK4x20Y7rUkjhyRnmyN+jpJkZ5XVxgoqi7rGNI4636G4LyuKhrszu1qRzQhymaZr1PFhSOPKtR1pHKtHRkKiCWgMpIDKaNQZNFRDRRnJGojOSKM5I0M2VEM0JZRIQAfoh6XEAAAAAAAAAAAAAAAAgADHyfJx+Njc8kkiD5T+pf1TJ5c2k2oekFea3ZFIBAJsBWAACAZQ29ASA/QBegFYDQEyjQESVogyapkGkHosFlAAwAACABhQEAUFQABFAQFAQIACgBAAAgE0QJrYBthWuLycmN92vhmbP01OX7dePyMeVXLT+CNTGvFVp2iDo5KOPYVDUVb+UNXDtSjD/wCgiKadUAssv9tpLsdjKUJRqwhyTvZFZ7UqBDUeb/KClklel0ieorHH6brsVY6MNL9kVpVkVS0gGla0VD40QD6Cpu3sArYQPoKLCIlkUe2BzZvLSVJj1XBlzOfs1OLNrFuzpI53kSRWTSApAUgGA0ASVogiKp0BnNVJgSA06AuLoiva/pXmyxR4t3E5843wr05eS+NwRx/G122RlFZc1+jU4xLyTD+nuMuUmb/KRjLTyqEYtRWyd1ckcUoO7L4i4t8dipGM7bEK28fHbQtZephhUThyrcapGVMyE0QQ0QZyKMpI1BlJFREkUZyRRlJGojOSKM5I0iGUQyhFQgP0Q9LiAAAAAAAAAAAAAAAAQHH5/wDUMXhQbk7l6QHyvnefk8zI5TevSIrjkwqbIFYC9AFADAQAgGigALIF6KABEDKBsCWiDKa2BMXTINk7NBgMIAoAAGEAAAAAAAFAAf3IEFACAAAAAQB6ICgFQAtEVrjzzxdPXwSxqcq7MPnLKlGUadEnGtflG0MuHJB1JKXwyb+2o0xOoKq0EW/u5EVjkaabQESndJrQRpihHLnUDXH1L4wcf9110mZU3q69kVnjhcnyCOhP6FGugrTHCraIrXFHnoqBquzLQUuKAOVrYCu9IA6CC/dgZzyKKA5snlJdMDky+RKXs1Ia55Ts1IxeSezTFunRUMAIKRRSAYAA0REyWwqMsdWBkgGA0B0eLleOa3olix73iZIyStnHcdY63NY9xM5WkTyyyfhGpxz1Ly/TGcHGV9o0zoywi8d+zNWOOn0i4mqhjb7Go7fGxUznyqu5LRyaMgCBMglkGUkUZNFESRRnJFRlJFgzkjURnJGhnJFgzZpEMollCCP0Q9LiAAAAAAAAAAAAAABARlyRx45Sk6SQhXxn9S8p+T5Mpt6vReV+EjibMtJbIAAZQiAooCBPsAQDTAQCAAGUIBoAfYC9MgzkgM5KiC8cvQg0NAAYAAIBgAQAAAAABQABAgAKQAAAACAAAgACr6ATCqwz4TUvgBzac20QXHPOCqMqJZGpysbw8519a/uZ/Fqco6IZoZFpqyNE0rdgGBvHLmu0Ep439Um/bIKlEiklW0BSjUQrSD9Ab4agnO+i/NT6ynK2ZjSG2r+AhraKHypEETypLsDmyeTXTA5smeUvZqQ1hKTZqcWLyQ22axm8gkVk6IAoYBQFIIpBQABAiBtWFFXBoDlapgFgUtgXHsD0fEytqjlyjfGvWwSTj9RJWmssb42ui+JqHlXHjRLdHJknK6MrqscS6jeGPZi1XVihRi1WxlQQBAEESAzaAzkijNooiSKMpIqMpI0M5FiM5I0M2VEM0JYCKj9DPS4gAAAAAAAAAAAACZSUVcnSA8zzf63g8dNQfOXwiauPA83+rZ/LbTlxj8IivPkyiSAALATewFYCsAAABdACACgIGigAAABAP0BDIImgM1pkG8XaLAyhgADQQFAAABAAAAAAIA/yFAQBSAAABAACIAB9AIAAEAwC9EU1KtrQNa4/JnF72jP4tzn+3Rjzxnq6M2Y1LreKVaCqfVGQ0u9AU1aClVSQiNMj4zcV0W+kTSsilJr2xoyedJEGGTyW+i4OeWWTNTilrNyNTizeSbNYxaKCCgCgFQBQAA0A0AwGAAMiGgHHsK588amIMioqJFaIDowZHCRLNHqePmUq2cbxxvXpwyJ4+yXksjmyRXJtGfyXGfC2TRrjgTR0wjRNVrFGVWQAAQIgmQGbQEMozaKM5IDOSNIykiwZSRpGbRoZsohlRLKJKP0M9LgAAAAAAAAAABAcXm/1PD4kXyknL4Q1cfN+f/V83lNpScYfCIrzpSb7ZBNgJsBWAgGAmAgAAQAAAAAA0UHyArIBFAuyBt+ihECaKJqyDOapgEJU6INkzQYAEMoAAAAAAACgIAEAEB2FAQBSAABgIBEAAACAAAAAAAAAa7IrbH5M4KrtEvFqcnRi8mMn9TpmLxsbnKV145qW07RlVXbYUNrVgQ8lO2wjKfkJN0Fc+TO37LOJrB5H8mpxZvKIcjUjF5FdmmdAQ6IoAAAIAAACgAQDAaAAAiKQFIDLyVpMfVc5UCCriQaxdAdWGTStDB3+Pnb0zneGtTk6/uRxvGxuXThDZhW8IEGsURVogYAAECYEyIIYEMozYGcijORRlJGkZyLBnJGojORoZsqIZRLKP0M9LgAAAAAAAAAMM/lYvHi5ZJpDVx4P9Q/rzncPG0v/ACIPEyZZZJOU5Nt/IVk2QQ2A/QCbAVgADAXoBAADAAD0AAAAih3oBAFAL2QP2UCIF7AKAmUbAyapkGkJWiwaFAgGioAAAAAABkAAigACBAFAAUAACYCAQDAAEQAAAAAAAAAAFNEGkMk4bjKiWSrOVjrxeXf36ZzvHHSctTl8m+mSRphLN+TU4s24ylkbNfjjP5JjLkts1MYttPi2rKhAOgAgYAAAAAAAAAFMIAGQADAaCrQRGZXBhXIECKKRFaRA6vHlssR1KDg7XQHf4uRS0yWasuO2ONdo83Ph+nSVaRxbUgGiBgAAQICWQQwJZREgM5FGUijORpGUijOSNRGcijNlEM0iWB+hHqcAAAAAAAZ5c0MMXLJJRS+QrxfO/wDyCMbh46t/JNMeB5Hl5fIk3km2RWFlCuyBMCGA0rQgTAmwGmA7AAEAwD0AgH6AVgMBgBQLQCIBdgN9lC9kC6AOkAmBEo2BCfFkG0XaKKKhhQVAFAAEAAAwEAEBRQEUBCKAgPQVIAAAAAAiAsAAAAAAAAAAAGiKnJP/AIonolcvkuLtUkEDtqgIUGgilyigKUk1vsoYAQADAAAAAAoCAACmEMAIplDiEa1SIM5bixVcb7YAVFRIrSIG+B1LRYj18MP5MVey1IyV4Z7Iru8by09NkzVdqkpK0cOfD9N8eRo89joZAwAAIEyCWBLAlgQyjORRlIozkioykjQzkijOSNIzZRDKiGUfoR6nAAAABGTLDGrnJJfkm4ryPO/r+LCnHB9cvn0NMfP+V5+bypN5JuvgiuVyAmwCwCwE9gSwGn9IgT6AkATArsAQC9gMB+iiSCktAKgAA9lDfQC9AABeyA9gDANAJvYEgD/AEyjaAlScWQaxlaLKLKgACqAAIYAAAAAAgAKAgAQUmQIAAAAAARAgAAAYAAAAAAAKUuK/JlUR32VFgMKAgCgCZR9oAU70EWgCgGAAAAAAAUAADCAKYDApdhFv7SKkDkmqmxBJUVEirQGuF/UixHr+Hl4yRYjs8rBHJi5x7JVjzYp45Ad/i567Y6HoQmpLTOPPhrc5LPNZjpKDKggGBLIEBLAllEMCGUZSKM5IozkVGUkaGbNIzZRmyiWVH6CepwAGeXNDDFyySUV+QrxvO/8AyGELj465P5M7Vx4Xk+fn8mTeSbf4A5XIBWBLAAAA6ATYEsCo/aIJkBNACIKRQACALAq9AIB9IBWAWAXsAvQAAkAygIABAL2AVsB0AmBnOIChKnRBunaNAKhhQAwgAAAAAAAAAQAFIBECAYCAAABABAAMoCAAQAAAF0rJRk3yYkFpUUMgYUgABoAAiUa2ghxlYGi2AAAAAAAAAAMKAgAYU0BSCG2RQBy5V9bEGZUXEirQFRdMD0fHlqLNRHs+PNTx8X7FSOTzMKhIy0wh9KKjqw53FoD0MWWM4nPnwla43GiZ5eXGx1l0HNSAQCZBLAllEMCGUZyKM5FGcioykaGcijNmkZsohlR9/OcYK5NJfk9Ti8jz/wCvYsNxwfXP59E0x895fn5vKk3lm3+CK5WwFYCAVgAAAAIBNgJgVDoQS0BIAiCigAABANgCAGArAYC9gNABQkQAB7AZQiA9gPooKsAIIYGUlTILxy9CDVGkMAKAKYQAAAAAAUBCAAERSAAABAACAAAAAYCAZAgAAAznK9GVOCpWaRQAAEAAAMACggza4yKi4sosgAAAAAABgAUAADQDRA7AAK9Ac2b7xBkVFxIqgGmB0+Nka0VHqeN5ElJNlg9DKo58V1slI8vLFwlRFOM6RUdOLM9AdmPN6Zjlx1ZcdEZJo83P/Ox1nLQcsaIgRAmBDAhlEMozZRnIozkUZyKjORoZyKjNmhDKjr87+q5/Lk+UuMf/ABR6HJwcmwE2AgEAAIB0AdAFgJ7AQEgVHoBMBIAQDAQAAwAA9gNgIBgIAQDZQiAQFKv7gJgJdAMoaSALsBECrQGc4gZrTIN4StFgoqGUADAAAAAAABBQEAUiBAACAAAAAAAAAAABEAUBBMpUiKzW2EaR+GUUwABEAABQAwAgUlcQIi/RUaxYDYAAAAAAIBgAAAwoAZA0EUgrlzfeIIKhoiqiwKoCoSoDswSlyTssiWvW8XNWpFFeVhU1yRBwOLiBcJUB04p32B0RyuL0yWarohlU0eb/AE/z+x048lnnbIBMghlVDAhlRmyjORRnIozkVESNDORUZsozZpGNnochYCsBWAwEAICk9ASUBAAJgSBUdIAYEgNAFMBUAANAABYDYC9AFgAAA+0AgBANAJgO9FCsgYB2AfsAoBSQGM40wCEqZBvF2aDAEVDAAAAAAABAAAwERSAAEAAAAAAAAAABAigATejNGTdsCoKyi0rAe2gEvgB/gBEAAIKAGgGkQYzXGRUXGVlGi6ID2AAAAFADQQBQEMKAGQNBDQVz519YgyKhoC0RWmOm6YDyY3B2ugNsGWgO3Dm2ixHo48qmqYHP5GOuiDmpxKNsba2BvGdoCoyadpkwduKfJHm/0/z/AE6ceTRnDHRLIIYEMKhlGbKjORRmyjORUQzQzkVGbKIZRzHpcQAAAAAJgAAuwG9FCIAAAkBp6AAEAIAboAsAAaANWAUAAIBpAABRQdEBQAkAaQCAaAVgCdAMA97KCyBAJpNAYtUyC8cvRYNUVDKABgAAAAAAAgoCEQIKAEAAAAAAAAAAAAAmyDOb9EEIDaK1aKGAfkA9WAgC9EAAAH5CnZA0BGVaTAiLplRpGRRZAIAAAAACmABDCgBoBkDAx8j0BgVDAqJFaRewO6Chkx0yo5smJ4pfgiunx8kZUvZdTHbinT7GjokuULsDlyRrsCeT6A2xTpFG0dogvBPjOmxko9FU0cuX+crc5FKBx5f5fpqcmUlRyvGxvWbMqhlGbKjORRnIozkaRmyiGVGbKIZRynpcQA0AAIBgAD0gEygIABegEwBAAAAwE3YAAACAYAkAMBAAAA9gIAAL2AAAAAFAQFAMAAAEBM4poDHpkG8JWiwUUMqGFAQAAAABSIhFUAIgKAAABAAAgAAAAABEEydEozbtgEewNVooLAYC6AAEQMAChaACBgElcWgMCouLA1i/kBgMACgIAoAAhhQAwgIpoDPP9oHOVABSIq4sDqwT+ikVHSorLGmBxzi8OUiujBkcpdliV3Qm6qwHKDmrsZIaxaq0AY5ST+UXB0wyEFt6tAdPj+RyVPsDojmV0yKppNGOXCVZyZSiefl/nY6TkxkqOeNM5AZSKM5GhDKjORRmyohlEMo5D0uJoAAGAAAB6AAH6KEQMoRBLAaegAAoAoBAAAA0gHQC9gF7ALAdgDYBYAAmAVQAAACAP0AAAA2AdgMBAAGWSPtAKDpkGydmhSKgAAGAAIAAAEFAAQIAAQAAAAAAAIgABgZTfogkCooou6Ad+gBaAP2AAIgAHYUAH5IGgGBhJU2VAtMDSLKNFtEAgGAAAUBAFMIAoCGFMgzzfYBzoqABoC0RW+KdaA68MqKjn8mSlMzGmePI8crXRUdkM/LrsQdWLK6p9lxBkhewJT4LYtGkJpsDeLXQD48XyQ0VOfJWuyKrD5L6bKjpWRSIolFSOfL/ADlanJhkxNHHlwsbnLWEkYaZSKM2VEMozZUQyiGVHIj0uRoAAYCsAAAABrooRA0AASwJboAUiBxdlFAIAoBbAYBYDAQAAwCgABAMBoBUUDRAr0AAIAAYAA+wBKmANgJ7QGElxZBeOQg1TNBlQwEAACAAAAAQAQIACkAAAAAAACIACZMlGQDQFrooa2AL8gP9gAAAABAkAwCyKa6Af7AyyKpFRAFRdAawYFAADAAAACgIYAFMgaAjL9jA5kVAA0BcSKtOmB145rhT7FpHNN3JkgkorHNwlaA64+Tyr5B06ovlG2y9RD4qXfRQnFRdpk0xcZOrA3jLlEYKh9MqfTKI8mKg+UWZ1UY88l7A6sPk/JUdSyRmjNmrGOXBauJy5cG5yceSDi9nLMbYyKM5FGbKiGUSyo40zu5GihgCYCAACwGA0AmUMgK0US+iCaATQCTaIGpgNT2NFWihoAAQBQAAACAfsBMAAE6AfoATpgDYEgNAHoAQCAEAewKT0AfoBATONoDHpkG0JWWDRFQFAAAAAABQEACIBhSAQAAACAYCACCWBnJ+iCQGgKiUUAegHqqAAAAIEA0AUFBAwBf9AZ5OwiCgA0i9FGkXaIphAAwAAAApgADAERCnuLCuX2VAA0BcSKpAXy0BNgDAEA1JxYHThyuWmx0OvFJNbZdiHNW9MQXVRTQpFQyO6KOhO+yCciUk17IrglJwm0wNsWUqOmGZrpgdOLPapgVOEciMXjrUrjy+O10c7wbnJyzi0zOLrJgQyiGVHGju5GihrYAAMAQBQDAYAyhED7KCiBcQFx7AhxoBUBNfADtomAU2FWpaEqGpDRS2UABQCoAQAAAAAAdgAB2AdACAAEAAADXQAAVoBgY5I07RAoOmBsmaDsqGAAAAAABAFCIpMBAAAAIAAH0AAICZMyMgAAQGkeihgADuwBb7AEgDsAIEAwpgNECr4AzyBEFAA06YGkZFGnZFCCGFAQBQABDCmAAKX2slHL7KgAaAqIFogYUAJgADALroDbFlaa2B243yW2VG0XHoaHpddoDSEn2UXJPsDDysPPHyS2jNI4seSnTGq3hlfoqOjHk2B0wygbwyRkqYVjnwxe0ZxdceTD3Rm8Vlcs4OLM2NayZBxnocjAaAKrsAAEAAMAAfYCAdgACAEAmgJaAmgCgCrAXEA4tDA1JrsmClMBqVsC3+ChdAACAABAHQAAUAAACAKAYB0AAMA6AP0AmrWwMJLjKiDSErLBomVDACgAAABABAgoAQAAACAYCAQA2QZSdsgkAAaA0XWigAP0AbAa2gD8gH5QAwEQAVQDogAMsgRBQAAFwfoDSL9AUAwAKAAIApgADIiZdMK5vZUADigNYx0A6ACKEAmAAADAAN8GVp02B143e0zSOlSgu+yaYlTUZfhgxtGeuwHz9PoQcH9RwKD5w9mfqzxhgy+mXUdcJ29Fg3hKgNYTA3hLl2UTlw3uJBxZoNdomLK53jsl4rrzaNsmA4gN9gIAAABANAAABXookgABAJgJqwE0BIB6AaAYAwE42AKG9MC0A2wJXYFdgJgOgEAAFgAAgBIB2AgAAAAH2ANV0AJ2gM8sbV+0BnF0yDaLssFJlQygCgACERSAAAAAQAAAAAAmQRJkGYAAAVECtlAAIBgO9gF10A+mAfggVACAYU0yAYGWTsogIAABrTA0Uvgo0i7RAIBgAAAAAU0AAKXTIOb2VABUOwNl0UBBJFNAACAAABgNK+gNseaWJUxSNsOZT+4s6K6vp4a2NQRlaq6HQtSUd3Y0wpzjmxuLM+r48nLH+LI0JRvgzpdmtTHZCak9CDXnQGscmtAa4829gaThDLEDizeLKG4geGUMAQDYCAAAAAAGAgGAwEAAJgKwACWAgABpgMBpAVQCYAAJWA+gEAAABQAAdAABYB+wAAQAAAADAKAOwMJxpkBCVAbJ2jQAh2VQQACAAAAAAEABDCkAATJmaMm7YCAAABoCygoBoAAEA4/AD9UBIAQAFIimkA2rQGE/uKiQAAAAKi6YGkJUBoAAAAABQEMAClLpko5ioANMaKNAAgTZFFAIBgBQABBcOyo6njjPHsEZPFLH1tDALO4RpmasZy8mXyTF0n5M2uy4aUc007sYamc3N2xJhbpJ0VG+HM4vsDsx5lJ7LEdMK9Morog2xzoDZZE1TA+XKAAAbWgEgEAwCwAAAegEAwABAOtASwEAvYCAAGgKUQKAlugGlewABgABYCsAAACgAAoB9AIAAOgAAAdoATAGAgFOPKIGHTINISLBp6KgCiwAAAAgCgAAAABAACbogzkyCAAAAAGgKX5KGvgAdgNIBoBsBP5AAEQAFLoATIqvkDnk7kyxCAAAAAALi9FGsXaIKQAABQEAAFMBPpkHM+2VAgNscfZpFsypAIKPQCAYAQBQAMDbHkfCrJSNMWavu2Nw9VKGLPuOmXUxzZcDg9oDKiKQAAIBp0BthyUwjtx5fyUdCnaAqMtAWpgeCUABQD9ACQCAAABAMAAAGAAIBgSAgEAgAC1H5AYCbAEA1oBrYCoAAAEAAMAoAALAABdANoBLYB0AAIAAdgADIMcsadr2BMXTA2i01aKGUIBgAAAAIBgABYBQCegM5yMjMAAAAAAaAooa/ADAAGgBa7ALoAegEQADTCmqIHPSsDnKgAAAAAAGnTA0i2tlGi2iBgAAABQEAUn0yUc77KgQHRB/SUMBECCgAAAAAAaAABMgdgOEnF6A7sWWGWHHIi6mOfyvFeN8obiyDloKQAAANOgNsWSmB24Z2VG8XSAalsDxmUCAAH6AQAAgAAAAGAAMAAQDvQEMBAAABSQDAQBQAAAADsAAPQAAAAAAAABQB0AAF/ACAaQAAIAAEA0BMlyi0QYAOMnFgbKSkiygKAAAAAAAAGAkAwIkyUZN2yBAAAAAADQFIoaYDAAAAvQDW0AAIgAD2FUiAnvGwMCoAAAAAAAAqL9AaQl6A0AAAAAAoCJyOosixzlQ12B0w+00HWiBUQIBMKQDAAgChMBkCAAADTHJplR6GDJGePhIo5vL8TguUOiUjiZFAAAAO/YG+DNTpgd+PJyRUWwPHZQAMBoBMAALAXsAAEAwGAAFgJgFgS+wEAdsC0qAOgFsAAYB6AABAOgF0A+wEAMBWAwAAAPYAAWAkAwC6AOwD0AAAAA1sDLLDdoDMgIumBtGXL9llDKEAAMAQAAfgAATdEGcmQQAAAAAAAABSAoBr4KAAAOgG9ICWyBcgDkFOyC0AS3F0Bi1RUIAAAAAAAAC0UbRdogYAAAAUgM8r9E+jIqGgOiH2lFegJIAAYUgAAAABBAFBAABRUXRB045UrRajpxZ1ODhP2FcnleMo/VDaIOQAAAAAWgOvx8r6ZUdUZ2B5pQgGALsBsBAACAADQAA7AAABMAXQEgCVsC1SAH+AEAAADoAQAwEA7AOwDroA7AAABAPvoAoAsAYCAAABgLoBroBAP0AAAB2qIMckOL/BRBA06YGsZ332WUMoAABgAAgACJMzRm9gIAAAAAAAABp0wKAaKGAaQ0JzIJtsYGo2XA+ABxRApRra6AUZNBWkXcSCGiogAAAAAAAABxYGkHTA0AYAAgoCMcjuRItQVAB0YncSi2BIAQJgAUAACAYBYAAABAyjSEmlRBrj3sqNXdb2gOfPivcURXNQCAAGBcJcXZUdmKakBxsoQAAAPoBewHYC9AIAQDAYDQCAT2AewFVsCkAAIBgIB+gAAAP2AAAAAgABgKwCgGAWAAIAAYAAAACAfYCAYB6AAFJco0QYNUwAAsDSE7VMS4KNAAAAAAG9EGUn6IJAAAAAAAAAAACkwKTKE5UQTbYwNR+Si0qApAHoBEFJWqYGM1UqAcZUAwE1YEtAIAAAAAAALXRRrF2iBgACAb0iVXO9soQQAbYH2iwatAIAIEAgoAAABAMAAAAiBFVrjVhGqbroYKTbGA2nvoDPJgU3cQOeeOUOyCAoAYFwm4vQAaQgAAoB+gEAAHoAYAAAADQB+AFVAAD7AT0AflgAAA+wBgIB9AACAYAAAKwDsA0AAAAAAAAAAHQDpgCQAwEgKAQDSAAAgyyR9gZ0AAAFwnWmPBpp9GggAAIJkyDMBAAAAAAAAAMAAAHYBxsopKgGAwGgCvQCYDRFRmW0yREIotAMBNAQ1QCAAAAAAHF7A1i6ZRZAegEApvRFYsqEAAXidTLB0MBAACIJCgBgAAEAUgAAQFIg2wuio2tNfkBxa9gVOnH8kqxjHIo6Y0xpGMcqasvWI48uFwkyKzAABMCzSEAAAAugAAAaYE+wAB0AACAfTAVgADsBAAAAAADWwCqAfsApeihdEAAgAAAAAAsAAACgBADAAAATALYBQAAwAA6AABOgFJJogxarQCoAAAKjJoDRNMugATdEGcnbAQAAAIBgAAAAAAAACVssGgB+gGAIBoA/DAAEQVXKLRBi1WihoBoBgJoCGgEAAAAAAXF2ijSL0QMAAzm7ZIqGVAAAOOpIsHStoBAIAZAqAAAKQAAAAAEMKALxyp/gI15rlrokVomioppVrYGE4VsioUnB2mBtDIsmpFhUZfFqLlAVHM009kUgLRpAAAAAgEAWAAAABXoAAQB2AAAAwBAAAAWAAADsAAADTAVAAAAAAAAAAB7AEAANAIAsAAAAAoBgAAAIAAAMsi3ZBICAAABp0BfNUNEtgIAAKAKAKKEAyBAAAAAADj2UX2AfkBgADAAEQAFRZFTkju/kqIQDQDCkEIBUAqAQAAANOgNEyi07IFJ0iVYzKhMBAAABvjf0oosBAJkCAAoIAqFQAgoCAKYCAANMbV7CNop3oBxbVkVTalEDJ43ZcRcYKgN8U61IDHysHJcoomDiap0wqo7NIKAGAAIA9AACAYAA0AAAB0wDsAAAB6ASAf7AEwCgCgAB2AAAAvyAn2AIAAOgH2AgAAAEAAAAAJAHYBQAAwF7AYBQCAYBYCkrTRBiAAABRQ6AK0AUAqIHQDSKAAAmgAgQAAAAABUNbKK/KAOgABgNAH4YCACBoCkuUaIrFrjKioaAAABAACAQBQBQAAJ0BcZUwHOV9EVJUAEgAABrhemijQAAOwJZAAACIpgIqBhQAAAAAIDaGVJUyC3NNa7IIhO5UywrojKu9oqGmr0A7QFc9V6A5vKjF7j2Z3tcc90zaCwD0AgAAbAP2AuwH6AEAwAAAGAgBPYDegBbAXQBYDAACwCwGAAAAA2wJAADsAQAAAAAAAAAAAADbAQBYAAWA7AAABABBnkW7+QJAAGgGAygAAAAAAACWgEAECAAAAAuOkUNa/QAvyAfgBr4AFsAAPyAEAFXFkCyR5K12EZooAAKQQADAQAAwDiULiA+IBRA6AGBAAAAXidSLBsUDIEAECAQUAAAAAACZArApPQAUBAWA0wLhlcXvaA3h9TuPRYlaWq/JNGOTLSpE9ajncm3sqaPZpAAAIASAboCQHQB6AEAwAAAPQCAOgGtgABQCoB+gEAAMAAAGAAAAAUAAFaAQAAAMBAAAAAAAAAAAgAAAAABgJgJq1RBkAACApAMoAAAAACgABAJoBECAAAAA06X4KF1+gH+GAVYB/wCwACvWgEAiBoBrRFUBEl7CJKEAAAAAgABoCgAAKAAAGQQwEAAOLposHQnoAYCARAAJoKAAIEABQAgBoIXRFCYFAAAAAXjk49FGssqlH4ZmrGDbb2VCAZpAAegAA9AIBdAFgNbAEAwAAAABAHoBIClsBgICQBAADAAAAAAGmAIAAEAm7AABAAAAAHYAAACAYCAAAAAABfkBoB9gSAEGc17AkAAaApABQAAAAAAAAgJYCIAAAF2Bo9fooXX6AAGA+0AAH5AGAEAA0FNEABElTKiQAAAAEAANAUgGAigAYCIIYCAAADog7ijQbIEAECYUgAAsgEVAFAQAIACk0AJ0QVYDRRUYWVFyioozaSMrCgBABpDAABAAABIAA0AIBrsAAAEgAAAEAdAUnYA9AIAYCAYAAAAAAAP0AAACAYCAAAAAAAAoAAAGAgEAAMBAADTAfaAAJatNEGTVMAAAGmBQAUAAAAAAAASwEQIAAcewLKD8AL8MB/8AsA/ID/KAOgAAIEAwqkQACAhqmVCAAAAAAGgGA0UACAAAghgIAAANsT+kosBAACZAgAKABBAFAAEAAFAQq2AugqoPYR0JqOyaM8k1J6JGmZUBQwgKAAQCAfoAATQCAYAAAFAMAAQDAQAAANO1Q8FUUIgTQBfoBAMAAAGtgAAgD9AAAAgAAAAAAAdgIAQBYAAIAAAAAAEA7oAAKAzmvZBAAAAUmA0UAAAEAUAAAgEwJIABx+4osBfgB/sAX/YB1sA/9APr9AACIABgNEUegABNWgIKgAAAAAaAaKGQAAUIAIJkBIAAAaYu2UaoAYCARAAIKAAIAoQQMKEEAAABQAutogfNvTGGgoAABkB7NIABLYCAYAAgAAAYB0AIAAABgCAXQAAAHsBp2wKYEgDQCAAGAANAAAAgGAIAAQAAACAYAwBAIBUAXsBgIAsB2AJWAdMBgKwABNWmQZAAAA0A0UMAAAAAAAACWBJAAOH3FF/gAAABAAB/6AYC/AAQAAA0FMgTAAJarZUIAAABANAMAAYAAFCAlkEgAABeP7iwbAIAARAMBBQAgGEAAFCCGAkABSCGFAQBQAEBYAaQIBpgDAQAAAAB6AOgGtgPoBAL2AwDsAoA9AIAAAGmAwCqAVaAQDAAH0AgGgEAAMAAQAAgGAAMBdAACAAGAgGAACAr0BNgAAAEGc17AkAAaAaAZQAAAAAAAAmBJAgKh9xYKeuwD8AAB+QAA9AAB+wAgAABoBkUgAA7QEFQAAAAwGAAMAARQASyCQAAAcXUkWDoWwBgJgIgQAAADCgACAKAg9ACAAABBTQAAEAUAAyoAABoAAAABANAAAAUALsAAABAACAAAAAQDTAr8ADVAIBdAPsAAAAB2AAIBgIAAAAAAQFfsBUAAFAFACAAFQD6ALAKAAAAATVqiDJ6YAAANANAMoAAAAAABASwEQOH3FFv8gAB3+wD8gAB+AD0AABAAAD9ABFAAAAS0VCAAACkUADIAAAQAUJkEgIAAAOjG7iiigJ7AKAlkAAAIKYB6CAAAbAQAABQABAFAAAEDNIAD2A0wFQAAAHbAdgSA0AegEAMAAAGwABAAAwEAegHF0BXYBRQiA9gAAAAADAGAgDsAAAAAAAABsBMB9gAAAa9gJgCQCYFIBIAAAEQTNewIAAACkAygAAAAAAACWBJBUPuKKYAAAAAAegAAACAAAGgAigBAMIOyqgIYDQAAwAAAAABFCYEkCAAADbA9NFFgJgKyBMKAEAwAACAB9ADCkEAAFAAAAIBhAFMqC9AAB+gCwAAAAABWAACAOwH6AACgB6AGAWAgAAAPQCAcXQF9gFWUJqgFZAAAAAAUwFQCAaATAAAAAAGkAmAAV2Am/QCAAAAAAEAwEA+wE16IMmqYAAANAMoYAAAAAAASwJIHH7ijT9gL8AAAAgGAAAAQAAABTCAikAIoZApdlQgBAMAAEAwAAAQCYEsBAAABphe2UagSwABMgQU0AAAAEAAAMAAAAAAApAADoAAZUACAPQAAAADAS7APYAAwEAAUgE2AMBAABQDXsBMAXQAAqAcXQF3oA7ATRQiAAAAAAfYCAAGAqAABAOgCwF2AwFbAfaAT6AQAAAOgABWAANAHZBGRewIAABAUgGUAAAAAAAmBJAR+5FGjAQAQBQgGgD8oAAEAEAAIBkCCgoAAgO0USEADAZQAFEDAAEAmBLAQAAAXidSLBsAgEAiBMKAGggCgIAoCAAAAAAAAEABTAGAyoAEA0AgAAAAGgEwD2AANgJAAAA/QCAfoBANAKgBOkAWAIBAOLA0XVlCIFQCALAPQAA12AMBAAAAAFgFgABYAAAHQAAgGAgABgIBoAoBr5ATVogxapgAAgKQDKAAAAAAAGBDICPZRo9AIAIEAABQ7AAAAIAAAadEUAIqAKABAJ9hCAaKGAwAgAABAAEsCQAAAqH3IsGwCAAEQJhQECCmgGEIAQAAAAAAUAAAUgGEAU0VCAEA0AAIBgIAAbAQAgAATAYCAEAAAAA0wEwEA2AgCgACk6AqwBdAJgIAAAAAbAfaAACwCtAIAAAEAAAD7ASAYC9AADoAAAAAQD9AIgicfYEAADQDQDKAAAAAAAhkAuwLZQIAIEUMAAADoAARAwAAAAoAAAAsAe0ESBSAZQgGAiAAAABNAQAAADjposG4AAgEQJhQAACCGFCCGAgGAgCwphCCkEADAQVSKhAFgOwEAegAAQAAwEALsAYAgAAAaAXsAKAgQDAF+QBsBWALoAAbAIsC7AAJaAEAAJAMAsAAACwAAQCAAAAAa0AmAIB9gIBgCoAAfoBWAWAgDtEGTVOgAAAaAZQwAAAAACZdkEoDQoRAAAAUMBAADACAAAAKCAYQFUghhQghNUwBAMAKAAAZAAIBMCAAAAAN07ijQdECARABSAAg9AAAAwABroAAT/AUBAFAQgoCAKpFQgAAAAAAAAGgHetASAAAAA0AqAF2A3pgCYA+wEAAIAAKAAAAAPQDTArsAATAEAMA9ACQAtACAbqgEAgAAAACwAA9AADsAfQA2AkAAMAa2AgAAIJmtWBAAAwGgGUAAAwEBMiCQNfRQiBAAAUMgQAUMAIAAAAAACgBewhhQED2gEgGAFAAyAACgAlkEsBAAABtDcUaFsgQCZAgEFDAfoIQDQAwoCABgKgGAvYAwpAMIAGihUAAADYCAEgGqsAAEArAAAAAaANAACfYAAegAAAAABAHoAsB+gEkAUA1IBgUtAL2BNgF6ApdAIA6AAABUAUANUAegEAwBAAAA0AdAIAAAGnTAKvoBpemAgEQZNUAAADQDRQwAAAAFIggDX/iihAIgCgIAAoodaACAAAAAAABgAUBAAgKXwFR0wiigQDIAoCBFAQAEMBAAABvi+00imRUgBAgEABQAAC0ENuwpBDAABADAKAQAFABYFLsqBgJAN9gDegEAAAABektCCOwAAAAAAAAD2AAAA+wAAfYCAKAegEAwEwABewKiwKsBAJoAXQDALsAoBAMAAAEAAAAAAHYB0AWAAAAAIAAcXQD/ICsBEETXsCQABoBoBooZAFCAUugIINI/YUIgAAAACgAYAQACAYAAAAUBCAEFMIAFL5AEBQAUHoAAQAAEEsCQAAA2w/aaRZFSAiAAQAABQABDASAbAQDQCCmAdhCAYCCmioH2AIBgIAAAABtaAEAgAAAABAADAQAAANLQCAfoBegEAIBgIAYCAAACou0BQCAXsB9gLoBrYCsAsBgHQCAAAAAQDAQAAwBAJgADQAuwKuwJoAATVogzoAAYAmAwGihgIBPoggDSP2lCIAAACgAAGQIAAAGAAAUghhS6CABgAA9oKSCGgGAFAAAIAAlkEgAABrh+1mhoQSA9EEsBAO9AL2ABQEMAAQAA/QAAgoALAPYDCAoYCAYAAgAAAYB2wBooRAACAAABgJdMBAP0AACAPQCQDYCAAAAAAEAANOgKuwEAwEA3QCAAEA0AwEAAACAAGgCgD0AAHoAAAD0AAAD7QAAiCJr2BIAAwGgGihgACfRBmBcPtKGwEQAAgAoYAAiAAAGAgGAAIAAAAKAhoKnphFIBlAAAACAAJZBIAAAa4ema+I0IpMBECYCAaAQDAQDAAEAwBgIKAAACABp/IUFQAAAA/QgQDoAALAEAMoRAJgCAAABgIBAMAQBYAumAgAAAAGAAIAQAwABJ0Bd2AgHQEgF2QBQwAAAAAAAQDAAC6ALAAAATAADoAAAC6AYCIE1aAzAAABoCkAFDIEUZsgvH0yhkCAAAAAZQiAAAABgIBgIAAAAAAAGgFIAQDAZQAIAAAJZBIAAAa4ema+I0ZFJgSQACAAEFMACGAAIKAgfYUAAQBQABAFMqAAAAK9ASBV6AQCAYA3oBAAAAADAAH7AVAIBpAFAC6AEAIAAQDQAAkAAACAPQBFgWAgCrQCWgGAIB2BIDAADsAoAAAABewGAgH6AQDAAAAApP5ATARFZyVMIQAAwGgGAyhegIfZA8fsopkCACgIAA9AAAAAAAAAMBAAAAAAAAAN9BUoIoBlAAAIAIJYEgAABtg6Zr4n1fsikwJZAXoBAAAFCCABpgACCmEIKAgCgA9BAFADKgAABAUAgAAASAEA2AgAAAQDAAH7AAEAAHsB0UIgdgIAYAAWAgABAAB6AAGnoB+gBAJgESBlAAAAAAN6AHtAACAfSAQAAANAAAgAA7AAABrYCIJktAQAAMBoBgAAwIfYDx/cUU+wEAEAAAAAAABQEAAAADAQAAAAAAANBU+wikAwAoQAAEEsCQAAA1wvTKNGAgEyBAIACgIAAKEEAUBDAQAFIAAYQBSAqtFQAAAA0A62UHsgTASAKAqtFEkAAewAAAAGAAIATAbAEwEAwEAmAAFAAAwF6AKAPQAwACkwAA7ATAEA2ALYD6AQAAADAAABAAAAIClQCaAAAAAYCAaAloghqmAgABgNAMA9AQ+wCH3FFMAIAAAAAoCAAAAAAAAAAYCAAAAAAGgFLsAQDRQyBFAAEEMBAAABph7ZZ4NQEAiBAIAAAAAAEABQEAUAIBhAFAAABFeihAAAA12A2wEAAJdgOwH6AkAAAAAYAA/QAwEAADAF2AAFgAAAUAwEAgAAAAABACdAUAAFaASApAIB9gL0AAAAAUAAIAAYAAAOwEAAAAAwEnsAZBMkBAAAANAUgACH2AR7AtrZQiAAQDAAAAAAAAAAAAAABAAAAAAAA30FSgigAoAABMglgIAAANMP3MvxGoUgEyBAIAAAAAAAAAAAABAADAAAAAZQAAAAIBsAvQCAPYABS6AkAAAAAAEA0AvQB6AAHWgF0A2AkAAAD9AIAAEAgABAABQAA4sCgCgE+gEgKTIBFC/QAAgGAWAAAAgAAAAAAAABAHsB+wBgIgQEPsBAAABSAYGb7Ace0Bb7KEQAAAAAAAAAAAAAAAAP0AgAAYAAAAD9ASA0AwAoCBMCQEAAAGmH7maniNSKQCAT0QLsAAEAAABQAAAACCgIAphAFAQgp+yoYCAfoAAbAXoAAF2AwGAmihIgYAgEA0AegD0ArAOwD0AAAAgAAAQDAEAIBAAAAIAegFQAuwNItNDQmwEAmAJkD9FCAAEA0AwEAAADsAAKAAAA/YAAdADAAAAZBMloCQEAANAMCX2Al2BoyhEAAAAAAAIBgAAAAAAAwEAAAAAAADQEy0wGgGUBAASwJAAAAA0w+zXxGoUmQIBN2QIAAAAAALoKAAIAoCEAwAAAQU/QQFFAIAAYAwEAAHsBsAQBJgIAAPQAgHdgIAAAAAAQDAOgEAAADAQAAAMBAAA9gL2AACdAUtgDAOwFWwGQFFCAAABpWAgGgEAANAKwAB0AAHoA9gAAAIAATVoggBAAAAwE+wEuwNGihEAAAAAAAAAAAAAAAAAAAAAAAAAAAEurASAoAACiWQSAAAABrh6Zr4jUKTRBJBIAAAAAAewABAOwABIBgIBgIKEEDYVbWyofoCfQAgAB+gEAewAAAEAMAQAAAAAuwD5KF6IGugD0AIBANAHsBAHsAYAAAAAA/QCAQDAQCYDAcSBlAAmArIqkED6KEAAUtRIJKGgABAAAAwABMAAbAEAAC7AH2RSQRMuwJAAABoBSAQGjegEUBAAAAAAACAYAAAAAAAAUeggAEAABAFA+gJApAMoCCWBIAAAAGuHpl+I0sKVgJ9kCfQCAEABQwgsKGAggCgIYC9AADQCYAgExFf//Z','Active',1755727840342,1756133017113);
INSERT INTO User VALUES('cmek2grmu0000x507s347xk7j','admin@smartprint.com','Admin','admin','admin123',NULL,'Active',1755700027876,1755704397636);
INSERT INTO User VALUES('cmek2grnf0001x50772sxw531','estimator@smartprint.com','Estimator','user','password123',NULL,'Active',1755700027900,1755704397639);
INSERT INTO User VALUES('cmek2grnj0002x507ds08w13l','manager@smartprint.com','Manager','manager','manager123',NULL,'Active',1755700027903,1755704397643);
INSERT INTO User VALUES('cmek2grnl0003x507445785fy','user@smartprint.com','User','user','password123',NULL,'Active',1755700027905,1755704397647);
INSERT INTO User VALUES('cmek2grnn0004x5076wolf668','zee@admin.com','Zee','user','admin123','data:image/jpeg;base64,/9j/4AAQSkZJRgABAQAAAQABAAD/2wCEAAkGBxITEhUTEhIWFRUXGBoYFxUVFRgXFxUVGhcXFxcXGBcYHSggGBolGxcYITEhJSkrLi4uGB8zODMtNygtLisBCgoKDg0OFxAQFy0fHx0tLS0tLS0tLS0tLSstLS0tKy0tLS0tKy0tLS0rLS0tLS0tLS0tLS0tLSstLS0tLS0tLf/AABEIAPsAyQMBIgACEQEDEQH/xAAcAAABBQEBAQAAAAAAAAAAAAAFAQIDBAYHAAj/xAA/EAABAwEFBAgEBQIFBQEAAAABAAIRAwQFITFBElFhcQYigZGhscHwEzJS0RRCYuHxB3IjgpKy0hUzQ6LCFv/EABkBAAMBAQEAAAAAAAAAAAAAAAABAgMEBf/EACQRAAICAgIBBQADAAAAAAAAAAABAhEDIRIxQQQTImFxMlGh/9oADAMBAAIRAxEAPwDKAL0JQEqgoSEkJ0LyAGwmuKeVE5IY6V4poTwgDySEqUIAbsphClSEIsZHCQhSQk2UWBHsr0KSE2E7GhqQlOISEKrKLl2WrZdGhS3/AGP/AMjctVRbgj1heKjC07l14pLJFwffg2j848WZJKFYttmNN5aezkoAFzyVM5GqHBPCa1SBZsBwXl4LyQF+F5KvQgBF6F5ISgDyjqKQKla7cxoPW7kUFiGq4SNDqrFNyBPvUTHjwStvQ6HtTSBsMuqwVXq2+N3eksltYcHHtV60WSRI2TxAI8MVXFE2Dqd6Aq5SrgoTaGjJw7oVYFzcQe77JOI1I0wSwhNkvTIPEHQ6FFabpWbVGidnoSbKl2V7ZRZRCWpC1TEJIRYFfZVmxVSxwKZsrwaqjPi7RUXTsJ33ZA9gqNzHksyQtZdVaRsFBL4sXw3nccQuvKlJKa8lZo3815KDU4JoCeFys5hwSpAlSAIAJYShehICNyoCs7aIIjHDiEWLYCgNKBtfmOXAb1cUTJge31HRiSB3d6D1qsiFevitB2Aef2Q+kIzTYIrNbjjkiZsLXAFuUaTn6qrskmAEZu+yuJxHVGfcpboqrAfw3NxgkIzdd6vb1XSW4YRkFo7PdLqkADsjRT2roq4iWjEbsMexT7qH7bB1qsrKrNppn7Z4++Y1Wdr0C0n0x70boMfSqbLhG9uX+Zu7iFavKyNeNod+EScII3Hfr4LZOzJ6MpM4ThmRx3q1YLeWGD8vl+yjtNGMCMu8duoxUFSnx7R6hS0Uma2jUBEhSwspdd4Gm7Zd8p8OI4LVUqgKxkqNouxNlIWqVIQossh2V6FJCQhADqD4IKK3hQFalIzCEIldtpgwciuz0+RbhLpmuNppxfky7mwYK8EYv+w7LtsZHzQiFE4tOjmnFxdMcEqReUEBUBOATQlBSGOdlioLWTsl5MabuwblJaXYD37xUHSA7NNjNY7yZJPAQFtHoyl2ZKoS5xcexROVhzdBp5nLwk9qnu+wmo8AamPX7KWyki/0dux1Rxge5XVLh6JM2RLcdT9lX6J3M1myIXSbPZ4hcs5uXR0RikB7Nc1Ng6re1NtFkblCPVWIZaxn7wWJqjB9Jbma7ECCMQRod6ygBEgAbQzYZgjWOBnsXSLxoSsffF3kdZuBGq3xZeOmZZcd7RjrwYMxJYcp+Zh+k8PNBLVTjHxGI/jyWptzcNoDA4Pb6jcdUCtdOMQZbofBdVnNQLeQcNd3pKI3JeWwdh56uhP5Tu5IdXo6j3+yhJ2uDvNS1ZSdG/Y5OWZuS+IinU5A+i07DKwkqN4uxqQhSEJsKLKIyE5hhOITVSYBqmBWpFpzhZS00CxxadEdsFfZcFJf9jD2/EbmF6F+7j5eUa5Y84cl2jMryUpJXNRxBYJpzT1G/NQhjnCXtbGo7gq19CXvJx2WzljLsI7g5E7CyaiHXg2do6vdjO4YDzW8ejF9mbfTw5kD32LZ3Dd4aafIHtKzdvpAPaN0TzP8rd2Kng0jcPJYZnRvjRtbhaAQthTGCxVyOxC21mGHmsI7NZaGVQqdopSiFUKrVdCTQ4sAWqzoPbLIHStJa3gLKX1fVOkSJk8ElG2W2ZW+rAKZJPynB3LesRbHFji0wWnd5rW3hUrWk4NOzx/hZe9rC+mesF1QdaOaavaBlYbP9p8OHJU6tPd2cFdn8pxHkqjxBjRaGZATOefl+yPXHfBaQyplo6fNAntTCY4hTJJoadHSQZXpWZ6O3tlTecPyE+R97lpVzyjTOiLs8kKdCapGeaUZu6sHAsKDKazVIIK6fT5OEvo1xy4sH3pYzTeRoclSha68bOKtORmFm/wrty6cuKpaMsuLhIuKOropCmVBguQwLdhfiSDjGHM4BTV7GC8DcI7Tme5Vblf1sdMfTzKIbQwJ3Y9sgx3+C6I/xMX2Za8T1yTqahP+UbI/2rY3M8Gk3kP3WFvm1RWY3XZx5vDifEhaPozauqAVzZlaOjFo6JcjsVtKFfBYC67cxubgiD+lVOdluPHRYJM2dM1z60qlaq8IPSvgk5YK5UdtCQgaQDv22kCBqs1Su341TadjiEZ6QMIQB1qeKL3NwxDZ3FxDfVCfhBJaLl89ILLZgKQc01D+Vuc5DL+OKwXSC83OdDmlvBzNn/6KIVegdrqEhzmikX7XxHu+YdbZcGAB21DiDPATAC0Ve7GHZaeu4ANBOsCJPFbVGP6ZLlL8OZfh3GYCr1mHIrqf/wCVhs7MLIdJbo2JICqM0xSxtbMiTHvJRvUtUKArQxPA+93ELY9Hb3FRuw89doz+ob+axgKns9UtcHNMEHP3oplHkioypnR5TSFUu617Y6wh3DEHiDuV0rnqjoTsYlCQpzGE5JphYSu20aFEfhMQMFtPFxTf+uU969HD6uKjUo3RvHPFKpbK0JYSry4TiIqFbYJGpIx4YnzjuVm01xll1cdM8fL1Qe8asP7vOEVuqz/GqsJ/OS7fIGIn/KCO1a8qiQo3Ix/Sx2zamn9LT3Od9kVsNsLaY2cyQB2qH+pNl2KzHAYEEdxn1Kj6M9dg3tPkou4pmjVSaN7ctyuqNBe+PNaBt00aIkuni4+ws3aekAo0pGg/gDifuUDvay2yp8N+NX4okNY0v2HyTsOAORbGJ4ws4qUim1E6FSvCnMNIPIgrWXIQ4CQuV9EejtWjTb8d/wAN07XVO08CB1T+U6711q6m9RriI+yykqfZtF2uij0qumWEgLLXNS2ZacMQe0arpdtp7dMhc+vGiabiYQ9MIO1sJvur4n51eu7o9Tp4xJ3lCLmvlu0GkrW0q4ITRX4U7bZhGS550rukOa4gYro9sqCFkL6eE1pg+jgt52c03kHJUXt1GS2nS2wSHOaMRKw9GpHIrqi7RxSVM84pGuVx9CQSPeCquYqJDVw3nskMccNDu4LZU3ghcyC0/R695im846E68OaynC9mkJeDVUGBxVW23lsS1ox3lRm1bDlPeVnFRoqM7VEVvY5PWgNVqOcZcZTNlPheWxiHHNjNIj3SG74MgIK6iRosFKzolCgJfgxaeH7rVdBgHOLsIptDQd5cS49zdnvWcvunNMkflx7MitF/TIF1mOzntnajSA1o7dloVzfxJxr5FD+pVi2qTnASWkOHfB8CVjuhdaKjmbxPdmuqdJbvBpuafzAgzxELi1grGhXBObHQ4cAYclidxaKy6aZ1SyXY17hInUA71sLHd+y2KdITvQHow4PIIMjMLpl20gGhYtu6NUlVga7Oj7i4OqY+9Fp30wAI0UzAqV5V4Q1SBNykXLMZELP9J7GNkkhFn1/hiZWc6T3sDTInNFqhxTTvwZWk9myZ+YZEYHvRm476JbDtDE71gntqveYJDRu1PHgjd3tNNgE45nmhoqzWWq8BvQC9KhcCqNovAD5t8DyRujZZoyTJS6B7MharLtUnE8VyZzIc4bifOF2W2PDKdSdJXGw/Fx3n1ldGLycuUI0D1ew+P8Ks9pJnfj2yVPWGzTAGZxPLBo8Q7vXjSJcI0nDkCOWa2MSpTE4xImEwiMvf2Kv2RhxGR1nAyPVEal3tqjHB0ZjfpPMKWyqPWC9PiN2Kh64yP1DjxR64rZsn4bjgclha9newmdO/miFivGYBwIyOU/uhq0Fmmvmz/CdIGByQr8QdyP0bU2vR2ahAeMuO4hC/waS+waOw1xTrs2mODmnUb+I0PArO2m7oOCBWeu9hlji08NeBGq2Fy3ZaK7SajHU4EhxEBw16uYPZBXNKDidMZKWmZW2XWSCBqIjTFXv6X0KlD8RQew7Jcx7XRIkgtIn/ACg962tksApxiHb5aD5hau7mAtxAPIADsAyTTtUKUeLsxPSKydWYXC+mlh+FaS6MKg2u0YO9D2r6b6Q2FpYYXHOnFyirTIHzN6zTx3cinB8ZDkuUQZ/S++w2oKDz/ZOo1b2eXJd7u+p1RC+SKNZzYc0lr2mQRmCF3r+m3TJtqpBriBVZAe3j9Q4FPNCvkicU7XFnSjUQy2N2jCkbaZCbRxMrBuzaKoH37cdau0BtZzY0kieZGKE1OiVUsgvM8TMd62zXhBb/AOktKziPmecmjHHlqqSBOTdJGVsXR1zSWnvhBL7vCnRJDeu7hlKJXhbbZWJmaTTq7A9gCEU7pYySesd5zJ9ArS/s6PadWyjdDHVKgfV/ytjBo381tWPim5AbHZ4dyV212nZYRzUy2c9pGK6X3hsUngZnAczgufUKWU7/AHKOdK7ZtPDZ12j6IRTpmOMTyH8ea6sapHJkdskJ2jOmQ8APupXYA5yDGBg6kqu1+XCfD2FGa+MHfp4rQzJfxfE8Jg9m7XdqjFlvJrYkjIA8oB9VnHcFLmANZOPDCPVTVlWE7wtFOo7qjLUYDsBULHhp6rQOOveo6dMNHopGtlNIRYpWx4ycexL+MP1H/U7/AJL1LAZfbtjNe23bvB33ToDujKNlsLtkM2qkf9x8F08NG9iqVulT2Oa4HDabI3gmD4Eqv0/aRX6uZQKpZnyNoRGnFcFncopGgffhFSR8hOXNaToleshwJw2iG9kT4rnopk4Y+/JX7te4HBxDRhhrv7ErG6aOl3i7aBErnvSOgASN63F1sbUbllAxMkmFluklMPrFjBgwYqlsizhXSax/CrujJ/WHPXxx7VWue86lmqtrUjDm6aOGrTwK0/8AUCzQGnUO8FkWU5yXXHcTlnqR9BdEeldO10w5hxGDmH5mHcfvqtjQeCMCvlu7LTWs721qTywzE6b4cNQV1boz/UFjtlleKVQ4Ak/4bz+lxyP6T4rnyYWto3hlvTOiWo1CYa6OO5Bx0bDCapc6pUObnem5XKN5hxVv4xcsbaN4yp2jNW2i/SAqlmu1zjJkrYfgdpSixhoVcipZHLsztOwRjGSyvSe0hjXYrbXrXDGnRcZ6cXztONNpxOfAfdXBWzDI6RmLQTUe5+Jny0Hvekq4NJ4eKbTdgN0JSQ4Y+C6zkKpOGRXqYGoPYidmpN+kDiQT6q8yhSPzNHGAQR3GUrHQA+D2+BUzBuw5YlGbRdZaA6m7aGePp/CGVRsu2i2d8YeSLG0JTMYKdhnLRVRVBx+6lFQbkySaJXtg72qWlRk4Hnhorv4Rn6+4/ZOwo6v/AFBbNRZe5L/iBW/xGGA6cXsjVpnHDQ4FdFv6lZ6jjtML+biB2AELP07hseQoATuc/wD5Lhi0uzulBtKi/a7nZ1TSeKgfBa4fKQcoAzTXXZ8MAuwxHHvhXrsq/hKRpspNNPaLtl4LoJiYJOWCUX2xwP8AhU2k/TOCl14JqS7CVgrfh7OXQXPcSGMGJc77ceCC07M9jHvq/O+ScdSibL0DgMAIw1y3cAqHSW8QKcgKkD6o5V02btSshdYAcA7KYJ3AmJ79laW/rVtTJWWovhzp3+ELqx9HLPsN1rLslzIzxA3wYMcdRzVb4DS3ZOI09QN+/eOUom47dJjhG0NT9Qy5ggwf7iqdsoADaA6pxI1BGfIglamY67OkNqscbD/iUR+R8kNG4Ozbyy4LoXR3+ptlfArTRd+rFvY8Yd8LmtMy6HEEn5XnBrx+r6X8e/eh1tsUE7OBGbT5jgsp4oyNI5Gj6VsvSWzubLajHD9LgfJVbz6UUmgnbaI3lfNlkwPuVq7roNeM54e9CsHhrybLLfg0fSbpWarXCjjE46ZSuZW0kuJJklaW+K7actbi7UaAH6uPDyWcqUicT3+PqtscaM8krIXPwheZUG4JtQYpi0My/Z6xJg0yf7DJA5ZFErG4PMNJd+lwh3IDEO5Ag5oOyJ3cpRCm8mJIcNMesPUd0IGgpQrFuGY3f8ZyPDhqq9us4JMZff1Vikdr5pn6iJn+6fmPnzUxoYYZEQceUYlQ0WmZKrTIOPvBS2fEwpbwb1yI5c/4UdImMB+50VEBejXgQ2eJnAn7Kf8AEjePH7qhSpiccld/EU/p/wByKGdlrhz6LazDLHiQfvj2dimuJm0S6CWsMOwMB24lDLm6U2UV7VZS7YoOe59BxBI2ieuzDIE9ZvMrd9FaLaTDSmS4l4P1AgDwAAXO8TujZ51xT8sy3Si8RGyNcAFmbM+AuvWm6rO7F9GmTvLBPegN5XTZBMUWjkXDyKyqhqdmLsloMp3SG2BtB07kl6Op0j1O6ZWYvO3GqdiOJ3BUtisylspPcxzgPlE4oBSdOfBdBq0xEaQsRXspY57YyOHLMeC6YMxkG7ld1HNOMt2gOWfePJWaADpaTpIJ8HEcciFQut3VaRwBVyo7YfhO9s7jBg81qiAbaaBaTTdlOX0nhwKRuI2H5R1XbtYPgZ4hW7zcHidQB/p/aY7uKHscSOWY4YnuxPed6QFC1UCx3vHirlmtTw3qGDEHeOX3TLQ+QAezeOHp3KvTJaUhktN2BnXMnPMGeeferJaPhjDh9vAnuULm4Tp5HUeqn/8AGBqScDwlMQIrZp1OiToT2KasIOBHOCfRI0Ewdra7SkUWKdiJHykc2/cJpspGhnhM++9SUdsEFhg7muJPdOKLWetIAeM8ycxvx8cUiipZLWRG1Dm6nHA6BF6TwBDXAgyQf0mMPe5D7fYtgyDLTk8cvzDgvWckSIzxbHf6+KEIH3nSirA1UTqeyPeZ0V61dZ1Nzjw4zGCq2kZx2JkjLPXgxGOuivfFP1H/ANvuh1kGU46R6q/j7b+ydAWjXIMziMRzXU+hPS5lWmKNR2zUZ8rpx71yEuSU6pBkEgjIg5IcbdrsnTi4vo+kXdItkRV7Hj5Tz3eSA3vfAIJBnkuX2HppVY3Yq9dujtVVvHpE10keo8ljLGn9Di5x+1/oeva8ZMDFxyCpWdsc9TvKBXJaWVXOdB2mnCSTgdRPajzFLjx0bJ2rJHiQsvfAHxan9g/2rTrL3q8fGdBBECT4eoVwJkV7qqxIM44iNOPgjlpbtQ7KAGns+U9wHcgV3fNG7TctDTbI7BGU8+IWyM2CLeYwjrNwn6mnIoWapaZB/j9kVtbcYOGGHHUeKFV6UHmkwFqkOywkD/UPuITnNkAjPXnGagonT37+ympOkkbsUhlplOQWg7i0/UYkA/qGI94sYerPDzwUvwdkVGnQbbT3HDsJ7kuyHMB/TJ55z4pgU69LCR7PsqvRP7hE2Mb8I74JB5vYPKUNAE7lIyfYiCMiiFirOPVdLt2OOG467o4qpScAJ0178wdCiFOz4BzXYHEHcQfBSUi/ZaoglhlhHWacxGsHzChtVAM6zesw8sDqCmEHbP5XYHmDBB7iltFWM8nYEDyIykb+KYAW01D8QY592SVz5BiCm3nTIe0zgcv28EtnYMRnIPgJ9FRBJYqYzJ7vUn0CI/Cb9Pi9DDag0YZ+A/dR/wDUz9R70ASveoH1Ej3KB71ZJOa0qrWIKTbR25LryqVBJza06cSN6iTopKx3Ru7nMJqOESIA1gwZPctCHIReV8CkQA3aOuMQg94X0+oC0dVpGQzPMrLi5OzS0j163u6q8gOimMgPzcTv5KGm+Wu3tjtH7Ie0qzZ3QeBEH3zWqVGdku2draEytTdFUOpNM6ls9gdB44hZME5bkcuq0BtMjT4jX8jslvcmISp16QcBi3AjWN8b1TdDmnerVjM7TJMw7XEEYjy8VTs7pxxy6w1jUoGUiIKksP8A3I34dhCW0jI+8D9k2x4HiPHFIAzebdkz+nZ/3N/+UynGydAGd+IH37lJfVQOdhux3SCcPFVBUhjpO7EcAcPJNghrx1G8h4fwqLxiVerCInQDyxVOpn3eSkZO0nZbAznzRK7KoAc0xGfBUGD5dwH7+qdZqvXaNMu/BAwveNKQDq3AdmnYqwrB+B1HcRhKkstbaZs5RHlgVUqjGdQQewoGR2qntM2DmDgdx17FUs9KHY5YtjmIVyq7EkfmEH+9p9Wwoab9qHaiA7yBTRLB9dsj37/hRfDKsP7PfDkmyN3iqJPPcoHpC9MJQBuOg/QKpbGOr1HCnSa0lgcQHVXDLA5U97kHv28mkbFNxkHEtOGHEZoFVql2LiSYiTuAgDlGiZKlpMabQ59QuMkyd5SBeIXiExHmjFTtGGGhUDt6t2cyEAW2UwaZ3tdnwMR4p1na7EdvdimVXhuzjiWiR2kKeg44EZjxCQyWi9pcHiQ8EHDJw1Eb4lV7Q3ZcXNy2pHCc/FMqkTA3yOGvmn06kgg5wR4gz3oAhtDpHooKIMzpkpqrYEa+8U2mYPdPf9kAWK1Ulx98fRPHyNH1H7Ks4GXDiR77lKXTA3evvwQMdaR1m/qx7yR6FV2jacQN/s+qs2rB7yPyANH9wEHxkqrSbAPHDs1SAsvOoyOXJQ0wQ6e5SVMmj3A9+CYXefsIGX6NYNdJMY+G7xSW+Q8wMwfuqbXS7HWFPaq3VPbM74w9e5CBkdnZtB8bg7tGB7wo7LVIOGvqn2CoA6ZzGvYCoC3ZKYivaMwUz4RU9pHIaqD4nHwVEnqgaoCnAJHIYDUqannJIB7BISUtyfSyTD8yAHuYlsVSDCkVY4FAEgdjJCt07UYw181XIwPNRtSGEalVrscjkeYSNYYw/lUrMfm5eqvWY4DmgY4mTJwGsbgq5144IpUE9x80NtX5efqgRIcXA9uHKFJZ24uPHDsUZ+ZS0PlPM+f7IGRVXdUDMklx5n34prNANZ7gkrZns8k78ruQQBI2qCNrTIaqCpwIPvcU927RVnZpMaJWnHHcpA+dob48J9FUqOPn5KSnn2JoTJaXoVavOlDueKrUcx2eYRG8vycvRMQJqDCCqnw1df8AL3qmmI//2Q==','Active',1755700027908,1756132954131);
INSERT INTO User VALUES('cmek2oic80002x5xjcvofcdxt','alifka@gmail.com','Alifka','admin','admin123',NULL,'Active',1755700389080,1755700389080);
INSERT INTO User VALUES('cmek5124f0001x5l8vyinw9i6','estimator@example.com','Jane Estimator','estimator','estimator123',NULL,'Active',1755704333824,1755704397628);
INSERT INTO User VALUES('cmek5124s0002x5l8j8iyshyx','user@example.com','Bob User','user','admin123',NULL,'Active',1755704333836,1755728296661);
CREATE TABLE IF NOT EXISTS "Quote" (
    "id" TEXT NOT NULL PRIMARY KEY,
    "quoteId" TEXT NOT NULL,
    "date" DATETIME NOT NULL,
    "status" TEXT NOT NULL DEFAULT 'Pending',
    "clientId" TEXT NOT NULL,
    "userId" TEXT,
    "createdAt" DATETIME NOT NULL DEFAULT CURRENT_TIMESTAMP,
    "updatedAt" DATETIME NOT NULL,
    "product" TEXT NOT NULL,
    "quantity" INTEGER NOT NULL,
    "sides" TEXT NOT NULL,
    "printing" TEXT NOT NULL,
    "colors" TEXT, productName TEXT, printingSelection TEXT, flatSizeHeight REAL, closeSizeSpine REAL, useSameAsFlat BOOLEAN DEFAULT 0, flatSizeWidth REAL, flatSizeSpine REAL, closeSizeHeight REAL, closeSizeWidth REAL, "finishingComments" TEXT,
    CONSTRAINT "Quote_clientId_fkey" FOREIGN KEY ("clientId") REFERENCES "Client" ("id") ON DELETE RESTRICT ON UPDATE CASCADE,
    CONSTRAINT "Quote_userId_fkey" FOREIGN KEY ("userId") REFERENCES "User" ("id") ON DELETE SET NULL ON UPDATE CASCADE
);
INSERT INTO Quote VALUES('cmek2epwd001wx5j7q9qx49a5','QT-2025-0718-001',1752796800000,'Approved','cmek2epop0004x5j7m81cyrgz','cmekilpoq0000xffloxu9xcse',1755699932317,1755699932317,'Business Card',1000,'1','Digital','{"front":"4 Colors (CMYK)","back":"1 Color"}','Business Card','Digital',5.5,0.0,1,9.0,0.0,5.5,9.0,NULL);
INSERT INTO Quote VALUES('cmek2epww0021x5j703n82450','QT-2025-0718-002',1752796800000,'Pending','cmek2epwr001zx5j7zkdpllm8','cmekilpoq0000xffloxu9xcse',1755699932336,1755699932336,'Art Book',250,'2','Offset','{"front":"4 Colors (CMYK)","back":"4 Colors (CMYK)"}','Art Book','Offset',29.6999999999999992,1.0,1,21.0,1.0,29.6999999999999992,21.0,NULL);
INSERT INTO Quote VALUES('cmek2epxd0026x5j71rlvx9tw','QT-2025-0719-003',1752883200000,'Rejected','cmek2epx70024x5j7knkhgxeq','cmekilpoq0000xffloxu9xcse',1755699932353,1755699932353,'Poster A2',300,'2','Offset','{"front":"4 Colors (CMYK)","back":"1 Color"}','Poster A2','Offset',59.3999999999999985,0.0,1,42.0,0.0,59.3999999999999985,42.0,NULL);
INSERT INTO Quote VALUES('cmek2epxt002bx5j7f82jxumw','QT-2025-0720-004',1752969600000,'Approved','cmek2epxo0029x5j70l4yzcra','cmekilpoq0000xffloxu9xcse',1755699932369,1755699932369,'Flyer A5',2000,'2','Digital','{"front":"4 Colors (CMYK)","back":"1 Color"}','Flyer A5','Digital',21.0,0.0,1,14.8000000000000007,0.0,21.0,14.8000000000000007,NULL);
INSERT INTO Quote VALUES('cmek2epyd002gx5j736tpmlo3','QT-2025-0720-005',1752969600000,'Approved','cmek2epy7002ex5j7vhvd4iag','cmekilpoq0000xffloxu9xcse',1755699932388,1755699932388,'Magazine',500,'2','Offset','{"front":"4 Colors (CMYK)","back":"4 Colors (CMYK)"}','Magazine','Offset',29.6999999999999992,0.5,1,21.0,0.5,29.6999999999999992,21.0,NULL);
INSERT INTO Quote VALUES('cmek2epyp002lx5j782u8z8rf','QT-2025-0721-006',1753056000000,'Pending','cmek2epym002jx5j720tijpkm','cmekilpoq0000xffloxu9xcse',1755699932401,1755699932401,'Sticker Pack',500,'1','Digital','{"front":"4 Colors (CMYK)","back":"1 Color"}','Sticker Pack','Digital',5.0,0.0,1,5.0,0.0,5.0,5.0,NULL);
INSERT INTO Quote VALUES('cmek2eq0c0030x5j7nh64b7la','QT-2025-0722-009',1753142400000,'Approved','cmek2eq03002yx5j7qs86661g','cmekilpoq0000xffloxu9xcse',1755699932460,1755699932460,'Menu Card',700,'1','Digital','{"front":"4 Colors (CMYK)","back":"1 Color"}','Business Card','Digital',5.5,0.0,1,9.0,0.0,5.5,9.0,NULL);
INSERT INTO Quote VALUES('cmek2eq0z0035x5j78d2bh52a','QT-2025-0723-010',1755648000000,'Approved','cmek2eq0u0033x5j7eezs3wwm','cmek2oic80002x5xjcvofcdxt',1755699932482,1755727915780,'Business Card',150,'1','Digital','{"front":"4 Colors (CMYK)","back":"1 Color"}','Business Card','Digital',5.5,0.0,1,9.0,0.0,5.5,9.0,NULL);
INSERT INTO Quote VALUES('cmekj5xca0013xfflnbl5ohpr','QT-2025-0821-353',1755902515574,'Pending','cmekj5wmd0011xffl1gmkylyz','cmekj0vxf0006xffl2xdoub1x',1755728075530,1755902517084,'Business Card',1000,'1','Digital','{"front":"4 Colors (CMYK)","back":"1 Color"}','Business Card','Digital',5.5,0.0,1,9.0,0.0,5.5,9.0,NULL);
INSERT INTO Quote VALUES('cmekilram0003xfflus48jf6p','QT-2024-001',1755648000000,'Approved','cmekilqus0001xfflrr98j2ym','cmekj0vxf0006xffl2xdoub1x',1755727134574,1755728631586,'Business Cards',1000,'1','Digital','{"front":"4 Colors (CMYK)","back":"1 Color"}','Business Card','Digital',5.5,0.0,1,9.0,0.0,5.5,9.0,NULL);
INSERT INTO Quote VALUES('cmek39ntx000jx5xjpk1lqq87','QT-2025-0820-796',1755702085687,'Rejected','cmek38mc7000bx5xj7m0r8vcw','cmek2oic80002x5xjcvofcdxt',1755701375973,1755729273535,'Business Card',1000,'1','Digital','{"front":"4 Colors (CMYK)","back":"1 Color"}','Business Card','Digital',5.5,0.0,1,9.0,0.0,5.5,9.0,NULL);
INSERT INTO Quote VALUES('cmek38mmv000dx5xj81sjd9pk','QT-2025-0820-259',1755701327574,'Approved','cmek38mc7000bx5xj7m0r8vcw','cmek2oic80002x5xjcvofcdxt',1755701327768,1755729988568,'Business Card',1000,'1','Digital','{"front":"4 Colors (CMYK)","back":"1 Color"}','Business Card','Digital',5.5,0.0,1,9.0,0.0,5.5,9.0,NULL);
INSERT INTO Quote VALUES('cmek2epz5002qx5j701d8lfv6','QT-2025-0721-007',1755754064426,'Approved','cmek2epz1002ox5j7r1giwxov','cmekj0vxf0006xffl2xdoub1x',1755699932417,1755762249048,'Brochure',50,'2','Digital','{"front":"4 Colors (CMYK)","back":"1 Color"}','Brochure','Offset',29.6999999999999992,0.0,1,21.0,0.0,29.6999999999999992,21.0,NULL);
INSERT INTO Quote VALUES('cmemzz91q0001x5o7ff1n4l6e','QT-2025-0822-001',1755820800000,'Pending','cmekilqus0001xfflrr98j2ym','cmekilpoq0000xffloxu9xcse',1755877249934,1755877249934,'Business Cards',1000,'Double-sided','Digital','{"front":"CMYK","back":"CMYK"}','Premium Business Cards','Digital Printing',55.0,0.299999999999999988,1,90.0,0.299999999999999988,55.0,90.0,NULL);
INSERT INTO Quote VALUES('cmemzz9240008x5o7h4p9hab5','QT-2025-0822-002',1755820800000,'Approved','cmek2epop0004x5j7m81cyrgz','cmekj0vxf0006xffl2xdoub1x',1755877249948,1755877249948,'Brochures',500,'Double-sided','Offset','{"front":"CMYK + Spot","back":"CMYK"}','Company Brochure','Offset Printing',297.0,0.299999999999999988,0,210.0,0.299999999999999988,297.0,105.0,NULL);
INSERT INTO Quote VALUES('cmemzz92e000fx5o7nfyy841r','QT-2025-0822-003',1755820800000,'Completed','cmek2epp30005x5j7x2kutb10','cmek2grmu0000x507s347xk7j',1755877249958,1755877249958,'Flyers',2000,'Single-sided','Digital','{"front":"CMYK"}','Promotional Flyer','Digital Printing',148.0,0.100000000000000005,1,210.0,0.100000000000000005,148.0,210.0,NULL);
INSERT INTO Quote VALUES('cmenfrbh40008x5gcq8wvqt94','QT-2025-0823-224',1755903752742,'Pending','cmekilqus0001xfflrr98j2ym',NULL,1755903753688,1755903753688,'Business Card',1000,'1','Digital',NULL,NULL,NULL,NULL,NULL,0,NULL,NULL,NULL,NULL,NULL);
INSERT INTO Quote VALUES('cmenhxdsj0001x5zmaphovdew','QT-2025-0823-556',1755907392225,'Pending','cmekj5wmd0011xffl1gmkylyz',NULL,1755907395854,1755907395854,'Business Card',1000,'1','Digital',NULL,NULL,NULL,NULL,NULL,0,NULL,NULL,NULL,NULL,NULL);
INSERT INTO Quote VALUES('cmenjwm5t0001x594wx06zc37','QT-2025-0823-314',1755910714833,'Pending','cmenjwhn9000094x5c3wm1uss',NULL,1755910719277,1755910719277,'Business Card',1000,'1','Digital',NULL,NULL,NULL,NULL,NULL,0,NULL,NULL,NULL,NULL,NULL);
INSERT INTO Quote VALUES('cmenk1xvq0008x594newh5tu1','QT-2025-0823-017',1755910966738,'Approved','cmenk1wu7000094x5bkbv3kgs',NULL,1755910967750,1755913177143,'Book',1000,'2','Offset',NULL,NULL,NULL,NULL,NULL,0,NULL,NULL,NULL,NULL,NULL);
INSERT INTO Quote VALUES('cmenk9b1d000jx594k1d5izyt','QT-2025-0823-479',1755911310947,'Pending','cmek2epz1002ox5j7r1giwxov',NULL,1755911311393,1755911311393,'Brochure',50,'2','Offset',NULL,NULL,NULL,NULL,NULL,0,NULL,NULL,NULL,NULL,NULL);
INSERT INTO Quote VALUES('cmenkqgqr0001x5bfmzkdn5uw','QT-2025-0823-442',1755912109802,'Pending','cmekj5wmd0011xffl1gmkylyz',NULL,1755912111938,1755912111938,'Business Card',1000,'1','Digital',NULL,NULL,NULL,NULL,NULL,0,NULL,NULL,NULL,NULL,NULL);
INSERT INTO Quote VALUES('cmenl93tq0008x5bf47u7dipf','QT-2025-0823-805',1755912979841,'Approved','cmenl91yb0000bfx583ej9i1m',NULL,1755912981661,1755913166141,'Flyer A5',1000,'1','Digital',NULL,NULL,NULL,NULL,NULL,0,NULL,NULL,NULL,NULL,NULL);
INSERT INTO Quote VALUES('cmet0vrdo0001x5d1vf9v3j6f','QT-COLOR-TEST',1756241563737,'Pending','cmet0tk5c0000x536qcg8oilf',NULL,1756241563740,1756241563740,'Colorful Business Card',1000,'2','Offset','{"front":"4 Colors (CMYK)","back":"2 Colors (Black + Pantone Red)"}',NULL,NULL,NULL,NULL,0,NULL,NULL,NULL,NULL,NULL);
CREATE TABLE IF NOT EXISTS "Paper" (
    "id" TEXT NOT NULL PRIMARY KEY,
    "name" TEXT NOT NULL,
    "gsm" TEXT NOT NULL,
    "quoteId" TEXT NOT NULL,
    "inputWidth" REAL,
    "inputHeight" REAL,
    "pricePerPacket" REAL,
    "pricePerSheet" REAL,
    "sheetsPerPacket" INTEGER,
    "recommendedSheets" INTEGER,
    "enteredSheets" INTEGER,
    "outputWidth" REAL,
    "outputHeight" REAL,
    "selectedColors" TEXT,
    CONSTRAINT "Paper_quoteId_fkey" FOREIGN KEY ("quoteId") REFERENCES "Quote" ("id") ON DELETE CASCADE ON UPDATE CASCADE
);
INSERT INTO Paper VALUES('paper_1755875380711_xmz1yzt1h','Premium Card Stock','350','cmek2epwd001wx5j7q9qx49a5',NULL,NULL,NULL,NULL,NULL,NULL,NULL,NULL,NULL,NULL);
INSERT INTO Paper VALUES('paper_1755875380715_3pi8w4smb','Art Paper','150','cmek2epyd002gx5j736tpmlo3',NULL,NULL,NULL,NULL,NULL,NULL,NULL,NULL,NULL,NULL);
INSERT INTO Paper VALUES('paper_1755875380715_f0lu79s95','Art Paper','150','cmek2epyp002lx5j782u8z8rf',NULL,NULL,NULL,NULL,NULL,NULL,NULL,NULL,NULL,NULL);
INSERT INTO Paper VALUES('paper_1755875380716_1jtbhcqhl','Premium Card Stock','350','cmek2eq0c0030x5j7nh64b7la',NULL,NULL,NULL,NULL,NULL,NULL,NULL,NULL,NULL,NULL);
INSERT INTO Paper VALUES('paper_1755875380716_f0676zh8e','Premium Card Stock','350','cmek2eq0z0035x5j78d2bh52a',NULL,NULL,NULL,NULL,NULL,NULL,NULL,NULL,NULL,NULL);
INSERT INTO Paper VALUES('paper_1755875380716_sxr2yxtcu','Premium Card Stock','350','cmekilram0003xfflus48jf6p',NULL,NULL,NULL,NULL,NULL,NULL,NULL,NULL,NULL,NULL);
INSERT INTO Paper VALUES('paper_1755875380716_3gxxj2hz3','Premium Card Stock','350','cmek39ntx000jx5xjpk1lqq87',NULL,NULL,NULL,NULL,NULL,NULL,NULL,NULL,NULL,NULL);
INSERT INTO Paper VALUES('paper_1755875380717_r9d23o3w7','Premium Card Stock','350','cmek38mmv000dx5xj81sjd9pk',NULL,NULL,NULL,NULL,NULL,NULL,NULL,NULL,NULL,NULL);
INSERT INTO Paper VALUES('paper_1755875380717_bry179159','Premium Card Stock','350','cmek2epz5002qx5j701d8lfv6',NULL,NULL,NULL,NULL,NULL,NULL,NULL,NULL,NULL,NULL);
INSERT INTO Paper VALUES('paper_1755875380714_leyox8l8l','Art Paper','150','cmek2epxt002bx5j7f82jxumw',NULL,NULL,NULL,NULL,NULL,NULL,NULL,NULL,NULL,NULL);
INSERT INTO Paper VALUES('paper_1755875380713_9nbnwdoei','Coated Paper','200','cmek2epww0021x5j703n82450',NULL,NULL,NULL,NULL,NULL,NULL,NULL,NULL,NULL,NULL);
INSERT INTO Paper VALUES('paper_1755875380714_7tc1cu1i2','Glossy Paper','200','cmek2epxd0026x5j71rlvx9tw',NULL,NULL,NULL,NULL,NULL,NULL,NULL,NULL,NULL,NULL);
INSERT INTO Paper VALUES('paper_1755875987044_wfrqyfwfy','Premium Card Stock','350','cmek2epwd001wx5j7q9qx49a5',NULL,NULL,NULL,NULL,NULL,NULL,NULL,NULL,NULL,NULL);
INSERT INTO Paper VALUES('paper_1755875987045_l0rl6y3hs','Coated Paper','200','cmek2epyd002gx5j736tpmlo3',NULL,NULL,NULL,NULL,NULL,NULL,NULL,NULL,NULL,NULL);
INSERT INTO Paper VALUES('paper_1755875987045_ec5b5g2m0','Art Paper','150','cmek2epyp002lx5j782u8z8rf',NULL,NULL,NULL,NULL,NULL,NULL,NULL,NULL,NULL,NULL);
INSERT INTO Paper VALUES('paper_1755875987046_by5qwkxli','Premium Card Stock','350','cmek2eq0c0030x5j7nh64b7la',NULL,NULL,NULL,NULL,NULL,NULL,NULL,NULL,NULL,NULL);
INSERT INTO Paper VALUES('paper_1755875987046_xpzfhlydu','Premium Card Stock','350','cmek2eq0z0035x5j78d2bh52a',NULL,NULL,NULL,NULL,NULL,NULL,NULL,NULL,NULL,NULL);
INSERT INTO Paper VALUES('paper_1755875987046_6ia78ry6y','Premium Card Stock','350','cmekilram0003xfflus48jf6p',NULL,NULL,NULL,NULL,NULL,NULL,NULL,NULL,NULL,NULL);
INSERT INTO Paper VALUES('paper_1755875987046_b2a8n715q','Premium Card Stock','350','cmek39ntx000jx5xjpk1lqq87',NULL,NULL,NULL,NULL,NULL,NULL,NULL,NULL,NULL,NULL);
INSERT INTO Paper VALUES('paper_1755875987047_2fkwb2qtq','Premium Card Stock','350','cmek38mmv000dx5xj81sjd9pk',NULL,NULL,NULL,NULL,NULL,NULL,NULL,NULL,NULL,NULL);
INSERT INTO Paper VALUES('paper_1755875987047_5ckw71chs','Premium Card Stock','350','cmek2epz5002qx5j701d8lfv6',NULL,NULL,NULL,NULL,NULL,NULL,NULL,NULL,NULL,NULL);
INSERT INTO Paper VALUES('paper_1755875987045_lwzqels06','Art Paper','150','cmek2epxt002bx5j7f82jxumw',NULL,NULL,NULL,NULL,NULL,NULL,NULL,NULL,NULL,NULL);
INSERT INTO Paper VALUES('paper_1755875987045_0e5lrwtfz','Coated Paper','200','cmek2epww0021x5j703n82450',NULL,NULL,NULL,NULL,NULL,NULL,NULL,NULL,NULL,NULL);
INSERT INTO Paper VALUES('paper_1755875987045_1bxj8xixa','Glossy Paper','200','cmek2epxd0026x5j71rlvx9tw',NULL,NULL,NULL,NULL,NULL,NULL,NULL,NULL,NULL,NULL);
INSERT INTO Paper VALUES('cmemzz91q0002x5o7hz7uy2od','Art Paper','150','cmemzz91q0001x5o7ff1n4l6e',90.0,55.0,25.0,0.149999999999999994,100,100,100,90.0,55.0,'["Cyan","Magenta","Yellow","Black"]');
INSERT INTO Paper VALUES('cmemzz9240009x5o71mhnxjfo','Art Paper','150','cmemzz9240008x5o7h4p9hab5',210.0,297.0,25.0,0.149999999999999994,100,100,100,105.0,297.0,'["Cyan","Magenta","Yellow","Black"]');
INSERT INTO Paper VALUES('cmemzz92e000gx5o7cdjdgh4m','Art Paper','150','cmemzz92e000fx5o7nfyy841r',210.0,148.0,25.0,0.149999999999999994,100,100,100,210.0,148.0,'["Cyan","Magenta","Yellow","Black"]');
INSERT INTO Paper VALUES('cmenf0tbd0000x5gcxc1sv23q','Premium Card Stock','350','cmekj5xca0013xfflnbl5ohpr',NULL,NULL,NULL,NULL,NULL,NULL,NULL,NULL,NULL,NULL);
INSERT INTO Paper VALUES('cmenfrbh40009x5gc44dihvqq','Premium Card Stock','350','cmenfrbh40008x5gcq8wvqt94',65.0,90.0,240.0,NULL,500,9,9,NULL,NULL,NULL);
INSERT INTO Paper VALUES('cmenhxdsk0002x5zm9rkl34wd','Premium Card Stock','350','cmenhxdsj0001x5zmaphovdew',65.0,90.0,240.0,NULL,500,9,9,NULL,NULL,NULL);
INSERT INTO Paper VALUES('cmenjwm5t0002x59454ma1k8y','Art Paper','300','cmenjwm5t0001x594wx06zc37',65.0,90.0,240.0,NULL,500,9,9,NULL,NULL,NULL);
INSERT INTO Paper VALUES('cmenk1xvq0009x594ihw440rj','Specialty Paper 250gsm','250','cmenk1xvq0008x594newh5tu1',65.0,90.0,240.0,NULL,500,9,9,NULL,NULL,'["cmyk","black","red"]');
INSERT INTO Paper VALUES('cmenk9b1d000kx5944cm6bmq5','Premium Card Stock','350','cmenk9b1d000jx594k1d5izyt',65.0,90.0,240.0,NULL,500,6,6,NULL,NULL,NULL);
INSERT INTO Paper VALUES('cmenkqgqs0002x5bfnza5pi4i','Premium Card Stock','350','cmenkqgqr0001x5bfmzkdn5uw',65.0,90.0,240.0,NULL,500,9,9,NULL,NULL,'["soft-touch","fluor-pink","gray9"]');
INSERT INTO Paper VALUES('cmenl93tq0009x5bf9jyk9296','Specialty Paper 300gsm','300','cmenl93tq0008x5bf47u7dipf',65.0,90.0,240.0,NULL,500,9,9,NULL,NULL,'["cyan","black426"]');
INSERT INTO Paper VALUES('cmenl93tq000ax5bfqcb6lbry','Standard Paper','150','cmenl93tq0008x5bf47u7dipf',65.0,90.0,NULL,NULL,NULL,1,1,9.0,5.5,'[]');
INSERT INTO Paper VALUES('cmet0vrdo0002x5d1ffntul6f','Premium Art Paper','350','cmet0vrdo0001x5d1vf9v3j6f',70.0,95.0,280.0,NULL,500,125,125,9.0,5.5,'["cmyk","red","blue","gold"]');
CREATE TABLE IF NOT EXISTS "Finishing" (
    "id" TEXT NOT NULL PRIMARY KEY,
    "name" TEXT NOT NULL,
    "quoteId" TEXT NOT NULL,
    "cost" REAL,
    CONSTRAINT "Finishing_quoteId_fkey" FOREIGN KEY ("quoteId") REFERENCES "Quote" ("id") ON DELETE CASCADE ON UPDATE CASCADE
);
INSERT INTO Finishing VALUES('finish_1755875380727_0wqrs0arc','UV Spot','cmek2epwd001wx5j7q9qx49a5',NULL);
INSERT INTO Finishing VALUES('finish_1755875380775_ql77qf1kt','Lamination','cmek2epyp002lx5j782u8z8rf',NULL);
INSERT INTO Finishing VALUES('finish_1755875380776_19ch1zqm2','UV Spot','cmek2eq0c0030x5j7nh64b7la',NULL);
INSERT INTO Finishing VALUES('finish_1755875380778_zsidiehbb','UV Spot','cmek2eq0z0035x5j78d2bh52a',NULL);
INSERT INTO Finishing VALUES('finish_1755875380778_jd8rjrj4f','UV Spot','cmekilram0003xfflus48jf6p',NULL);
INSERT INTO Finishing VALUES('finish_1755875380780_xvjg08pe2','UV Spot','cmek39ntx000jx5xjpk1lqq87',NULL);
INSERT INTO Finishing VALUES('finish_1755875380781_uoahi253k','UV Spot','cmek38mmv000dx5xj81sjd9pk',NULL);
INSERT INTO Finishing VALUES('finish_1755875380781_7vda14cuw','UV Spot','cmek2epz5002qx5j701d8lfv6',NULL);
INSERT INTO Finishing VALUES('finish_1755875380781_b6fzla1gs','Lamination','cmek2epxt002bx5j7f82jxumw',NULL);
INSERT INTO Finishing VALUES('finish_1755875380774_flgjci5mq','Lamination','cmek2epyd002gx5j736tpmlo3',NULL);
INSERT INTO Finishing VALUES('finish_1755875380782_qnhdnnlt4','Embossing','cmek2epww0021x5j703n82450',NULL);
INSERT INTO Finishing VALUES('finish_1755875380785_w7a0keyh8','Lamination','cmek2epxd0026x5j71rlvx9tw',NULL);
INSERT INTO Finishing VALUES('finish_1755875987050_tiwwgzd1t','UV Spot','cmek2epwd001wx5j7q9qx49a5',NULL);
INSERT INTO Finishing VALUES('finish_1755875987078_lgfeytmg2','Lamination','cmek2epyd002gx5j736tpmlo3',NULL);
INSERT INTO Finishing VALUES('finish_1755875987079_gkmyqd35i','UV Spot','cmekilram0003xfflus48jf6p',NULL);
INSERT INTO Finishing VALUES('finish_1755875987079_76s693x00','UV Spot','cmek39ntx000jx5xjpk1lqq87',NULL);
INSERT INTO Finishing VALUES('finish_1755875987079_oit5t63ag','UV Spot','cmek38mmv000dx5xj81sjd9pk',NULL);
INSERT INTO Finishing VALUES('finish_1755875987079_nr1f9zmiq','UV Spot','cmek2epz5002qx5j701d8lfv6',NULL);
INSERT INTO Finishing VALUES('finish_1755875987078_od3twstos','UV Spot','cmek2eq0c0030x5j7nh64b7la',NULL);
INSERT INTO Finishing VALUES('finish_1755875987078_tyjs0g8fj','UV Spot','cmek2eq0z0035x5j78d2bh52a',NULL);
INSERT INTO Finishing VALUES('finish_1755875987082_sav33if3u','Lamination','cmek2epxd0026x5j71rlvx9tw',NULL);
INSERT INTO Finishing VALUES('finish_1755875987080_014yguwbw','Lamination','cmek2epxt002bx5j7f82jxumw',NULL);
INSERT INTO Finishing VALUES('finish_1755875987082_7ad3tqoh9','Embossing','cmek2epww0021x5j703n82450',NULL);
INSERT INTO Finishing VALUES('finish_1755875987078_69dnq14we','Lamination','cmek2epyp002lx5j782u8z8rf',NULL);
INSERT INTO Finishing VALUES('cmemzz91q0003x5o7vt88g4py','Lamination','cmemzz91q0001x5o7ff1n4l6e',0.25);
INSERT INTO Finishing VALUES('cmemzz91q0004x5o74duts53f','UV Coating','cmemzz91q0001x5o7ff1n4l6e',0.149999999999999994);
INSERT INTO Finishing VALUES('cmemzz924000ax5o7n0bpmdpg','Lamination','cmemzz9240008x5o7h4p9hab5',0.25);
INSERT INTO Finishing VALUES('cmemzz924000bx5o7xj37adzq','UV Coating','cmemzz9240008x5o7h4p9hab5',0.149999999999999994);
INSERT INTO Finishing VALUES('cmemzz92e000hx5o7p1cyg2gn','Lamination','cmemzz92e000fx5o7nfyy841r',0.25);
INSERT INTO Finishing VALUES('cmemzz92e000ix5o7tcdocpm2','UV Coating','cmemzz92e000fx5o7nfyy841r',0.149999999999999994);
INSERT INTO Finishing VALUES('cmenf0tbg0001x5gcs1z6r527','UV Spot','cmekj5xca0013xfflnbl5ohpr',NULL);
INSERT INTO Finishing VALUES('cmenfrbh4000ax5gcbwl88kak','UV Spot','cmenfrbh40008x5gcq8wvqt94',5.0);
INSERT INTO Finishing VALUES('cmenfrbh4000bx5gcfr61blw3','Lamination','cmenfrbh40008x5gcq8wvqt94',15.0);
INSERT INTO Finishing VALUES('cmenhxdsk0003x5zme33g205k','UV Spot','cmenhxdsj0001x5zmaphovdew',20.0);
INSERT INTO Finishing VALUES('cmenhxdsk0004x5zmwdt3c0xo','Lamination','cmenhxdsj0001x5zmaphovdew',15.0);
INSERT INTO Finishing VALUES('cmenjwm5u0003x594bls0wh9x','UV Spot','cmenjwm5t0001x594wx06zc37',20.0);
INSERT INTO Finishing VALUES('cmenjwm5u0004x59442tt678j','Lamination','cmenjwm5t0001x594wx06zc37',15.0);
INSERT INTO Finishing VALUES('cmenk1xvq000ax5945x7dfl9c','UV Spot','cmenk1xvq0008x594newh5tu1',20.0);
INSERT INTO Finishing VALUES('cmenk1xvq000bx594uoe2x2mn','Lamination','cmenk1xvq0008x594newh5tu1',15.0);
INSERT INTO Finishing VALUES('cmenk9b1e000lx594e881sthr','UV Spot','cmenk9b1d000jx594k1d5izyt',20.0);
INSERT INTO Finishing VALUES('cmenk9b1e000mx594bd44tmk6','Lamination','cmenk9b1d000jx594k1d5izyt',15.0);
INSERT INTO Finishing VALUES('cmenkqgqs0003x5bfayt0gq2n','UV Spot','cmenkqgqr0001x5bfmzkdn5uw',20.0);
INSERT INTO Finishing VALUES('cmenkqgqs0004x5bfk9iyydco','Lamination','cmenkqgqr0001x5bfmzkdn5uw',15.0);
INSERT INTO Finishing VALUES('cmenl93tq000bx5bf81edlb6n','UV Spot','cmenl93tq0008x5bf47u7dipf',20.0);
INSERT INTO Finishing VALUES('cmenl93tq000cx5bf6tpx4mcn','Lamination','cmenl93tq0008x5bf47u7dipf',15.0);
INSERT INTO Finishing VALUES('cmet0vrdo0003x5d1j51v0pn4','UV Spot','cmet0vrdo0001x5d1vf9v3j6f',25.0);
CREATE TABLE IF NOT EXISTS "QuoteAmount" (
    "id" TEXT NOT NULL PRIMARY KEY,
    "base" REAL NOT NULL,
    "vat" REAL NOT NULL,
    "total" REAL NOT NULL,
    "quoteId" TEXT NOT NULL,
    CONSTRAINT "QuoteAmount_quoteId_fkey" FOREIGN KEY ("quoteId") REFERENCES "Quote" ("id") ON DELETE CASCADE ON UPDATE CASCADE
);
INSERT INTO QuoteAmount VALUES('amount_1755875987003_e739an1rs',120.0,7.79999999999999982,163.800000000000011,'cmek2epwd001wx5j7q9qx49a5');
INSERT INTO QuoteAmount VALUES('amount_1755875987009_hflexv7of',1440.0,93.5999999999999943,1965.5999999999999,'cmek2epyd002gx5j736tpmlo3');
INSERT INTO QuoteAmount VALUES('amount_1755875987012_hq87tw9gq',189.319999999999993,12.3057999999999996,258.421800000000018,'cmekj5xca0013xfflnbl5ohpr');
INSERT INTO QuoteAmount VALUES('amount_1755875987012_0a20rlc45',120.0,7.79999999999999982,163.800000000000011,'cmekilram0003xfflus48jf6p');
INSERT INTO QuoteAmount VALUES('amount_1755875987013_9o17z6qul',120.0,7.79999999999999982,163.800000000000011,'cmek39ntx000jx5xjpk1lqq87');
INSERT INTO QuoteAmount VALUES('amount_1755875987013_x4ucqz5dt',120.0,7.79999999999999982,163.800000000000011,'cmek38mmv000dx5xj81sjd9pk');
INSERT INTO QuoteAmount VALUES('amount_1755875987014_g7ryp13zx',7.5,0.489999999999999991,10.2400000000000002,'cmek2epz5002qx5j701d8lfv6');
INSERT INTO QuoteAmount VALUES('amount_1755875987011_ruwh7ijjx',94.5,6.13999999999999968,128.990000000000009,'cmek2eq0c0030x5j7nh64b7la');
INSERT INTO QuoteAmount VALUES('amount_1755875987016_me2w3t3e6',625.0,39.0600000000000022,820.309999999999945,'cmek2epww0021x5j703n82450');
INSERT INTO QuoteAmount VALUES('amount_1755875987017_k1qojwdpr',540.0,32.3999999999999985,680.399999999999977,'cmek2epxd0026x5j71rlvx9tw');
INSERT INTO QuoteAmount VALUES('amount_1755875987014_r6lsbp3ep',192.0,12.0,252.0,'cmek2epxt002bx5j7f82jxumw');
INSERT INTO QuoteAmount VALUES('amount_1755875987011_5wsliuh3o',22.5,1.45999999999999996,30.7100000000000008,'cmek2eq0z0035x5j78d2bh52a');
INSERT INTO QuoteAmount VALUES('amount_1755875987010_jv27xuhau',36.0,2.43000000000000016,51.0300000000000011,'cmek2epyp002lx5j782u8z8rf');
INSERT INTO QuoteAmount VALUES('cmemzz91r0005x5o7fjyf69df',150.0,7.5,157.5,'cmemzz91q0001x5o7ff1n4l6e');
INSERT INTO QuoteAmount VALUES('cmemzz925000cx5o7vnxwacuy',150.0,7.5,157.5,'cmemzz9240008x5o7h4p9hab5');
INSERT INTO QuoteAmount VALUES('cmemzz92e000jx5o7g9svasts',150.0,7.5,157.5,'cmemzz92e000fx5o7nfyy841r');
INSERT INTO QuoteAmount VALUES('cmenfrbh4000cx5gco433whmp',189.319999999999993,12.3057999999999996,258.421800000000018,'cmenfrbh40008x5gcq8wvqt94');
INSERT INTO QuoteAmount VALUES('cmenhxdsk0005x5zme5zxbe9t',100144.320000000006,6509.38080000000081,136696.996799999993,'cmenhxdsj0001x5zmaphovdew');
INSERT INTO QuoteAmount VALUES('cmenjwm5u0005x594pladtnoy',459.319999999999993,29.8557999999999985,626.97180000000003,'cmenjwm5t0001x594wx06zc37');
INSERT INTO QuoteAmount VALUES('cmenk1xvq000cx594yyyho08f',914.319999999999936,59.4307999999999978,1248.04680000000007,'cmenk1xvq0008x594newh5tu1');
INSERT INTO QuoteAmount VALUES('cmenk9b1e000nx594jf7ufkhj',522.879999999999995,33.9872000000000014,713.731200000000058,'cmenk9b1d000jx594k1d5izyt');
INSERT INTO QuoteAmount VALUES('cmenkqgqs0005x5bfljnc5eoa',144.319999999999993,9.38079999999999891,196.996800000000007,'cmenkqgqr0001x5bfmzkdn5uw');
INSERT INTO QuoteAmount VALUES('cmenl93tq000dx5bf6314m1q4',294.319999999999993,19.1308000000000006,401.746800000000007,'cmenl93tq0008x5bf47u7dipf');
INSERT INTO QuoteAmount VALUES('cmet0vrdo0004x5d1ebrq0rjq',2000.0,100.0,2100.0,'cmet0vrdo0001x5d1vf9v3j6f');
CREATE TABLE IF NOT EXISTS "QuoteOperational" (
    "id" TEXT NOT NULL PRIMARY KEY,
    "quoteId" TEXT NOT NULL,
    "plates" INTEGER,
    "units" INTEGER,
    "createdAt" DATETIME NOT NULL DEFAULT CURRENT_TIMESTAMP,
    "updatedAt" DATETIME NOT NULL,
    CONSTRAINT "QuoteOperational_quoteId_fkey" FOREIGN KEY ("quoteId") REFERENCES "Quote" ("id") ON DELETE CASCADE ON UPDATE CASCADE
);
INSERT INTO QuoteOperational VALUES('cmemzz91r0006x5o70u1yje8h','cmemzz91q0001x5o7ff1n4l6e',2,1000,1755877249934,1755877249934);
INSERT INTO QuoteOperational VALUES('cmemzz925000dx5o7c4wtu1ac','cmemzz9240008x5o7h4p9hab5',2,500,1755877249948,1755877249948);
INSERT INTO QuoteOperational VALUES('cmemzz92e000kx5o7nxj40gtx','cmemzz92e000fx5o7nfyy841r',2,2000,1755877249958,1755877249958);
INSERT INTO QuoteOperational VALUES('cmenfrbh4000dx5gc8qym4de2','cmenfrbh40008x5gcq8wvqt94',4,9,1755903753688,1755903753688);
INSERT INTO QuoteOperational VALUES('cmenhxdsk0006x5zmutf5t4gk','cmenhxdsj0001x5zmaphovdew',4,5000,1755907395854,1755907395854);
INSERT INTO QuoteOperational VALUES('cmenjwm5v0006x594m233zgg9','cmenjwm5t0001x594wx06zc37',4,9,1755910719277,1755910719277);
INSERT INTO QuoteOperational VALUES('cmenk1xvq000dx594ivsl4t3b','cmenk1xvq0008x594newh5tu1',8,18,1755910967750,1755910967750);
INSERT INTO QuoteOperational VALUES('cmenk9b1e000ox594j6rfgvv6','cmenk9b1d000jx594k1d5izyt',8,12,1755911311393,1755911311393);
INSERT INTO QuoteOperational VALUES('cmenkqgqs0006x5bf2qlrtkoa','cmenkqgqr0001x5bfmzkdn5uw',4,9,1755912111938,1755912111938);
INSERT INTO QuoteOperational VALUES('cmenl93tq000ex5bfhhrhzqhj','cmenl93tq0008x5bf47u7dipf',4,10,1755912981661,1755912981661);
INSERT INTO QuoteOperational VALUES('op-1756241563737','cmet0vrdo0001x5d1vf9v3j6f',8,2000,1756241563740,1756241563737);
CREATE TABLE IF NOT EXISTS "SearchHistory" (
    "id" TEXT NOT NULL PRIMARY KEY,
    "query" TEXT NOT NULL,
    "timestamp" DATETIME NOT NULL DEFAULT CURRENT_TIMESTAMP,
    "userId" TEXT,
    CONSTRAINT "SearchHistory_userId_fkey" FOREIGN KEY ("userId") REFERENCES "User" ("id") ON DELETE SET NULL ON UPDATE CASCADE
);
INSERT INTO SearchHistory VALUES('cmekj3rfg0007xffl3d1l6pdj','j',1755727974557,NULL);
INSERT INTO SearchHistory VALUES('cmekj3rje0008xfflxhdgu0z2','jo',1755727974699,NULL);
INSERT INTO SearchHistory VALUES('cmekj3rmg0009xfflk6wy8y3p','joh',1755727974809,NULL);
INSERT INTO SearchHistory VALUES('cmekj3rpb000axffljb4aor6b','john',1755727974912,NULL);
INSERT INTO SearchHistory VALUES('cmekj3rw3000bxfflesq8frrn','john',1755727975155,NULL);
INSERT INTO SearchHistory VALUES('cmekj3ryb000cxffluwk4dd7g','john w',1755727975235,NULL);
INSERT INTO SearchHistory VALUES('cmekj3s5l000dxfflkqqr1d7p','john wi',1755727975498,NULL);
INSERT INTO SearchHistory VALUES('cmekj3s6b000exfflaa078l9n','john wic',1755727975523,NULL);
INSERT INTO SearchHistory VALUES('cmekj3s6k000fxfflq6dvj0tr','john wick',1755727975532,NULL);
INSERT INTO SearchHistory VALUES('cmekj3t68000gxfflfbx9fog9','john wic',1755727976816,NULL);
INSERT INTO SearchHistory VALUES('cmekj3tb2000hxffldbc15mqm','john wi',1755727976990,NULL);
INSERT INTO SearchHistory VALUES('cmekj3tqx000ixfflnc7xzxke','john w',1755727977562,NULL);
INSERT INTO SearchHistory VALUES('cmekj3tyh000jxffl7l1wid6r','john',1755727977833,NULL);
INSERT INTO SearchHistory VALUES('cmekj3uk6000kxfflw0l1pcpb','john',1755727978615,NULL);
INSERT INTO SearchHistory VALUES('cmekj3xpd000lxffluzc4vwq7','joh',1755727982690,NULL);
INSERT INTO SearchHistory VALUES('cmekj3xu6000mxfflg0b3rtfc','jo',1755727982863,NULL);
INSERT INTO SearchHistory VALUES('cmekj3xyw000nxffl236yoxz2','j',1755727983033,NULL);
INSERT INTO SearchHistory VALUES('cmekj3ybe000oxffloeeobqvc','a',1755727983482,NULL);
INSERT INTO SearchHistory VALUES('cmekj3yhx000pxfflmzd542w0','al',1755727983717,NULL);
INSERT INTO SearchHistory VALUES('cmekj3ynn000qxffl81l4aa7e','ali',1755727983924,NULL);
INSERT INTO SearchHistory VALUES('cmekj3ytr000rxfflh7m9jmu9','alif',1755727984144,NULL);
INSERT INTO SearchHistory VALUES('cmekj3yv5000sxffli48b9n2h','alifk',1755727984193,NULL);
INSERT INTO SearchHistory VALUES('cmekj3yz9000txffl7zefdjq1','alifka',1755727984342,NULL);
INSERT INTO SearchHistory VALUES('cmekj44x6000uxffl477tv8n2','a',1755727992042,NULL);
INSERT INTO SearchHistory VALUES('cmekj458n000vxfflk9szs5nq','al',1755727992455,NULL);
INSERT INTO SearchHistory VALUES('cmekj45da000wxfflhruro2i6','ali',1755727992622,NULL);
INSERT INTO SearchHistory VALUES('cmekj45dx000xxfflxllejkj6','alif',1755727992646,NULL);
INSERT INTO SearchHistory VALUES('cmekj45if000yxfflnnu9zif9','alifk',1755727992808,NULL);
INSERT INTO SearchHistory VALUES('cmekj45lt000zxfflsjnbujag','alifka',1755727992930,NULL);
INSERT INTO SearchHistory VALUES('cmekj49el0010xfflkn6k71kn','alifka',1755727997853,NULL);
INSERT INTO SearchHistory VALUES('cmekl6lrg001oxffl5s91caz7','s',1755731466412,NULL);
INSERT INTO SearchHistory VALUES('cmekl6lw1001pxfflpkupmzxy','su',1755731466568,NULL);
INSERT INTO SearchHistory VALUES('cmekl6m5p001qxfflb3fa6lzm','supp',1755731466926,NULL);
INSERT INTO SearchHistory VALUES('cmekl6m6x001rxffl65pchsx3','sup',1755731466969,NULL);
INSERT INTO SearchHistory VALUES('cmekl6myk001sxffl6asfhspi','suppl',1755731467965,NULL);
INSERT INTO SearchHistory VALUES('cmekl6n45001txfflqptj5dr3','suppli',1755731468165,NULL);
INSERT INTO SearchHistory VALUES('cmekl6nb5001uxffl7xq1hkax','supplie',1755731468418,NULL);
INSERT INTO SearchHistory VALUES('cmekl6ngy001vxffl0col6ee0','supplier',1755731468626,NULL);
INSERT INTO SearchHistory VALUES('cmekl6s72001wxfflvz243n5x','a',1755731474751,NULL);
INSERT INTO SearchHistory VALUES('cmekl6sdm001xxffl2wp23ee0','al',1755731474986,NULL);
INSERT INTO SearchHistory VALUES('cmekl6skw001yxfflyqgsrk83','ali',1755731475249,NULL);
INSERT INTO SearchHistory VALUES('cmekl6sqn001zxfflgkcdichi','alif',1755731475455,NULL);
INSERT INTO SearchHistory VALUES('cmel44cto0000ykcza96c074r','s',1755763274220,NULL);
INSERT INTO SearchHistory VALUES('cmel44d0o0001ykczqww3399y','sup',1755763274397,NULL);
INSERT INTO SearchHistory VALUES('cmel44ddl0002ykczxsvhxr7w','su',1755763274937,NULL);
INSERT INTO SearchHistory VALUES('cmel44e8l0003ykczqxvwy5hg','supp',1755763276054,NULL);
INSERT INTO SearchHistory VALUES('cmen918680000x5mmdqezxxix','su',1755892458655,NULL);
INSERT INTO SearchHistory VALUES('cmen91gm60001x5mmcotbxjn3','a',1755892469598,NULL);
INSERT INTO SearchHistory VALUES('cmen91grg0002x5mm20wt2b4b','al',1755892469788,NULL);
INSERT INTO SearchHistory VALUES('cmen91gun0003x5mmroh83bmn','ali',1755892469904,NULL);
INSERT INTO SearchHistory VALUES('cmen91gxc0004x5mmwylcax14','alif',1755892470000,NULL);
INSERT INTO SearchHistory VALUES('cmen91lt40005x5mm3r6d6bzf','a',1755892476329,NULL);
INSERT INTO SearchHistory VALUES('cmen91m0n0006x5mm5kzwvcvq','al',1755892476600,NULL);
INSERT INTO SearchHistory VALUES('cmen91m5p0007x5mmcbgt24cy','ali',1755892476781,NULL);
INSERT INTO SearchHistory VALUES('cmen91m9p0008x5mmpnbsv3b1','alif',1755892476925,NULL);
INSERT INTO SearchHistory VALUES('cmenk2agr000ex59404m0xlhy','max',1755910984059,NULL);
INSERT INTO SearchHistory VALUES('cmenk2agr000fx59436bznsll','m',1755910984059,NULL);
INSERT INTO SearchHistory VALUES('cmenk2agr000gx594re8j9hii','ma',1755910984059,NULL);
INSERT INTO SearchHistory VALUES('cmenk2alq000hx594o01bcc4y','maxt',1755910984238,NULL);
INSERT INTO SearchHistory VALUES('cmenm9kl10000x5vo02d6ldj5','a',1755914682996,NULL);
INSERT INTO SearchHistory VALUES('cmenm9kl40001x5vo4hm15z4v','as',1755914683000,NULL);
INSERT INTO SearchHistory VALUES('cmenmrj620000x5b2sjy1ehmj','ali',1755915520969,NULL);
INSERT INTO SearchHistory VALUES('cmenmrj6h0001x5b2gh7cnb43','a',1755915520985,NULL);
INSERT INTO SearchHistory VALUES('cmenmrj6h0002x5b2lel06cgv','alif',1755915520985,NULL);
INSERT INTO SearchHistory VALUES('cmenmrj7p0003x5b2rp8d60bj','al',1755915521029,NULL);
CREATE TABLE IF NOT EXISTS "SearchAnalytics" (
    "id" TEXT NOT NULL PRIMARY KEY,
    "query" TEXT NOT NULL,
    "timestamp" DATETIME NOT NULL DEFAULT CURRENT_TIMESTAMP,
    "userId" TEXT,
    CONSTRAINT "SearchAnalytics_userId_fkey" FOREIGN KEY ("userId") REFERENCES "User" ("id") ON DELETE SET NULL ON UPDATE CASCADE
);
CREATE TABLE IF NOT EXISTS "Supplier" (
    "id" TEXT NOT NULL PRIMARY KEY,
    "name" TEXT NOT NULL,
    "contact" TEXT,
    "email" TEXT,
    "phone" TEXT,
    "countryCode" TEXT DEFAULT '+971',
    "address" TEXT,
    "city" TEXT,
    "state" TEXT,
    "postalCode" TEXT,
    "country" TEXT DEFAULT 'UAE',
    "status" TEXT NOT NULL DEFAULT 'Active',
    "createdAt" DATETIME NOT NULL DEFAULT CURRENT_TIMESTAMP,
    "updatedAt" DATETIME NOT NULL
);
INSERT INTO Supplier VALUES('cmekl61yw001bxffldvavdcde','Paper Source LLC','Ahmed Al Mansouri','ahmed@papersourcellc.ae','0501234567','+971','Sheikh Zayed Road, Business Bay','Dubai','Dubai','12345','UAE','Active',1755731440761,1755873085479);
INSERT INTO Supplier VALUES('cmekl6224001cxfflcsag532o','Apex Papers','Sarah Johnson','sarah@apexpapers.ae','0509876543','+971','Al Wasl Road, Jumeirah','Dubai','Dubai','54321','UAE','Active',1755731440876,1755873085481);
INSERT INTO Supplier VALUES('cmekl624p001dxffl3h7p12fb','Premium Print Supplies','Mohammed Al Rashid','mohammed@premiumprint.ae','0505555555','+971','Jumeirah Road, Umm Suqeim','Dubai','Dubai','67890','UAE','Active',1755731440969,1755873085485);
INSERT INTO Supplier VALUES('cmemxhzqp0000x5rctz7cm8xl','Global Paper Solutions','Fatima Al Zahra','fatima@globalpapersolutions.ae','0501111111','+971','Al Maktoum Street, Deira','Dubai','Dubai','11111','UAE','Active',1755873085489,1755873085489);
INSERT INTO Supplier VALUES('cmemxhzqv0001x5rcg3qxtef6','Elite Print Materials','Omar Al Hashimi','omar@eliteprintmaterials.ae','0502222222','+971','Al Khaleej Street, Bur Dubai','Dubai','Dubai','22222','UAE','Active',1755873085495,1755873085495);
INSERT INTO Supplier VALUES('cmemxhzqy0002x5rctv3hkxc6','Quality Paper Co.','Aisha Al Falasi','aisha@qualitypaperco.ae','0503333333','+971','Al Rigga Street, Deira','Dubai','Dubai','33333','UAE','Active',1755873085498,1755873085498);
INSERT INTO Supplier VALUES('cmemxhzr10003x5rcu6yi5f7v','Professional Print Supplies','Khalid Al Mansouri','khalid@professionalprintsupplies.ae','0504444444','+971','Al Muraqqabat Street, Deira','Dubai','Dubai','44444','UAE','Active',1755873085502,1755873085502);
CREATE TABLE IF NOT EXISTS "Material" (
    "id" TEXT NOT NULL PRIMARY KEY,
    "materialId" TEXT NOT NULL,
    "name" TEXT NOT NULL,
    "gsm" TEXT,
    "supplierId" TEXT NOT NULL,
    "cost" REAL NOT NULL,
    "unit" TEXT NOT NULL,
    "status" TEXT NOT NULL DEFAULT 'Active',
    "lastUpdated" DATETIME NOT NULL DEFAULT CURRENT_TIMESTAMP,
    "createdAt" DATETIME NOT NULL DEFAULT CURRENT_TIMESTAMP,
    "updatedAt" DATETIME NOT NULL,
    CONSTRAINT "Material_supplierId_fkey" FOREIGN KEY ("supplierId") REFERENCES "Supplier" ("id") ON DELETE CASCADE ON UPDATE CASCADE
);
INSERT INTO Material VALUES('cmekl628w001fxfflpfh6gjxc','M-001','Art Paper 300gsm','300','cmekl6224001cxfflcsag532o',0.5,'per_sheet','Active',1755731441120,1755731441120,1755873085506);
INSERT INTO Material VALUES('cmekl62ci001hxfflct9y3u00','M-002','Art Paper 150gsm','150','cmekl6224001cxfflcsag532o',0.179999999999999993,'per_sheet','Active',1755731441250,1755731441250,1755873085509);
INSERT INTO Material VALUES('cmekl62fu001jxfflhyanswgp','M-003','Glossy Paper 200gsm','200','cmekl61yw001bxffldvavdcde',0.349999999999999977,'per_sheet','Active',1755731441370,1755731441370,1755873085512);
INSERT INTO Material VALUES('cmekl62is001lxfflwqs48kuq','M-004','Matte Paper 250gsm','250','cmekl61yw001bxffldvavdcde',0.419999999999999984,'per_sheet','Active',1755731441476,1755731441476,1755873085514);
INSERT INTO Material VALUES('cmekl62lv001nxfflt337t32y','M-005','Cardboard 400gsm','400','cmekl624p001dxffl3h7p12fb',0.849999999999999977,'per_sheet','Active',1755731441588,1755731441588,1755873085517);
INSERT INTO Material VALUES('cmemxhzrk0005x5rcb3vmn7dg','M-007','Coated Paper 120gsm','120','cmekl61yw001bxffldvavdcde',0.280000000000000026,'per_sheet','Active',1755873085521,1755873085521,1755873085521);
INSERT INTO Material VALUES('cmemxhzrq0007x5rckyi4x178','M-008','Coated Paper 135gsm','135','cmekl61yw001bxffldvavdcde',0.320000000000000006,'per_sheet','Active',1755873085527,1755873085527,1755873085527);
INSERT INTO Material VALUES('cmemxhzru0009x5rc5ob5lmlp','M-609','Coated Paper 170gsm','170','cmekl61yw001bxffldvavdcde',0.380000000000000004,'per_sheet','Active',1755873085531,1755873085531,1755873085531);
INSERT INTO Material VALUES('cmemxhzrx000bx5rcfswuv9wz','M-263','Coated Paper 300gsm','300','cmekl61yw001bxffldvavdcde',0.650000000000000022,'per_sheet','Active',1755873085534,1755873085534,1755873085534);
INSERT INTO Material VALUES('cmemxhzs4000dx5rc7usfct5c','M-078','Uncoated Paper 80gsm','80','cmekl6224001cxfflcsag532o',0.119999999999999995,'per_sheet','Active',1755873085541,1755873085541,1755873085541);
INSERT INTO Material VALUES('cmemxhzse000fx5rcbnk8mhpv','M-478','Uncoated Paper 100gsm','100','cmekl6224001cxfflcsag532o',0.149999999999999994,'per_sheet','Active',1755873085550,1755873085550,1755873085550);
INSERT INTO Material VALUES('cmemxhzsh000hx5rc24cdx89h','M-831','Uncoated Paper 120gsm','120','cmekl6224001cxfflcsag532o',0.179999999999999993,'per_sheet','Active',1755873085553,1755873085553,1755873085553);
INSERT INTO Material VALUES('cmemxhzsu000jx5rcnm2vdqay','M-716','Uncoated Paper 160gsm','160','cmekl6224001cxfflcsag532o',0.220000000000000001,'per_sheet','Active',1755873085566,1755873085566,1755873085566);
INSERT INTO Material VALUES('cmemxhzt1000lx5rcs1np90v4','M-885','Cardboard 250gsm','250','cmekl624p001dxffl3h7p12fb',0.550000000000000044,'per_sheet','Active',1755873085574,1755873085574,1755873085574);
INSERT INTO Material VALUES('cmemxhztl000nx5rcgbh9bfl5','M-537','Cardboard 300gsm','300','cmekl624p001dxffl3h7p12fb',0.650000000000000022,'per_sheet','Active',1755873085593,1755873085593,1755873085593);
INSERT INTO Material VALUES('cmemxhztr000px5rchb5x33kl','M-103','Cardboard 500gsm','500','cmekl624p001dxffl3h7p12fb',1.05000000000000004,'per_sheet','Active',1755873085599,1755873085599,1755873085599);
INSERT INTO Material VALUES('cmemxhztw000rx5rcxaeh6mef','M-535','Recycled Paper 100gsm','100','cmemxhzqp0000x5rctz7cm8xl',0.179999999999999993,'per_sheet','Active',1755873085604,1755873085604,1755873085604);
INSERT INTO Material VALUES('cmemxhzu0000tx5rcsegyw1ng','M-913','Recycled Paper 120gsm','120','cmemxhzqp0000x5rctz7cm8xl',0.220000000000000001,'per_sheet','Active',1755873085608,1755873085608,1755873085608);
INSERT INTO Material VALUES('cmemxhzu7000vx5rcc22nwimj','M-228','Recycled Paper 150gsm','150','cmemxhzqp0000x5rctz7cm8xl',0.280000000000000026,'per_sheet','Active',1755873085616,1755873085616,1755873085616);
INSERT INTO Material VALUES('cmemxhzue000xx5rckjri7il6','M-596','Specialty Paper 200gsm','200','cmemxhzqv0001x5rcg3qxtef6',0.450000000000000011,'per_sheet','Active',1755873085623,1755873085623,1755873085623);
INSERT INTO Material VALUES('cmemxhzul000zx5rcxzglzjo1','M-542','Specialty Paper 250gsm','250','cmemxhzqv0001x5rcg3qxtef6',0.550000000000000044,'per_sheet','Active',1755873085629,1755873085629,1755873085629);
INSERT INTO Material VALUES('cmemxhzuq0011x5rcx6l1dc78','M-105','Specialty Paper 300gsm','300','cmemxhzqv0001x5rcg3qxtef6',0.680000000000000048,'per_sheet','Active',1755873085635,1755873085635,1755873085635);
INSERT INTO Material VALUES('cmemxhzuv0013x5rc38xy4fo9','M-262','Textured Paper 150gsm','150','cmemxhzqy0002x5rctv3hkxc6',0.349999999999999977,'per_sheet','Active',1755873085640,1755873085640,1755873085640);
INSERT INTO Material VALUES('cmemxhzv00015x5rc40gmypfl','M-986','Textured Paper 200gsm','200','cmemxhzqy0002x5rctv3hkxc6',0.419999999999999984,'per_sheet','Active',1755873085645,1755873085645,1755873085645);
INSERT INTO Material VALUES('cmemxhzv50017x5rckfrue79v','M-644','Textured Paper 250gsm','250','cmemxhzqy0002x5rctv3hkxc6',0.520000000000000017,'per_sheet','Active',1755873085649,1755873085649,1755873085649);
INSERT INTO Material VALUES('cmemxhzv80019x5rcn3esdmsl','M-879','Bond Paper 90gsm','90','cmemxhzr10003x5rcu6yi5f7v',0.160000000000000003,'per_sheet','Active',1755873085652,1755873085652,1755873085652);
INSERT INTO Material VALUES('cmemxhzvc001bx5rc5143pb6y','M-632','Bond Paper 100gsm','100','cmemxhzr10003x5rcu6yi5f7v',0.179999999999999993,'per_sheet','Active',1755873085656,1755873085656,1755873085656);
INSERT INTO Material VALUES('cmemxhzvh001dx5rc6g2tmdhz','M-356','Bond Paper 120gsm','120','cmemxhzr10003x5rcu6yi5f7v',0.220000000000000001,'per_sheet','Active',1755873085662,1755873085662,1755873085662);
CREATE TABLE IF NOT EXISTS "Client" (
    "id" TEXT NOT NULL PRIMARY KEY,
    "clientType" TEXT NOT NULL,
    "companyName" TEXT,
    "contactPerson" TEXT NOT NULL,
    "email" TEXT NOT NULL,
    "phone" TEXT NOT NULL,
    "countryCode" TEXT NOT NULL,
    "role" TEXT,
    "status" TEXT NOT NULL DEFAULT 'Active',
    "createdAt" DATETIME NOT NULL DEFAULT CURRENT_TIMESTAMP,
    "updatedAt" DATETIME NOT NULL,
    "userId" TEXT, address TEXT, city TEXT, state TEXT, postalCode TEXT, country TEXT, firstName TEXT, lastName TEXT, designation TEXT, emails TEXT, trn TEXT, hasNoTrn INTEGER DEFAULT 0, area TEXT,
    CONSTRAINT "Client_userId_fkey" FOREIGN KEY ("userId") REFERENCES "User" ("id") ON DELETE SET NULL ON UPDATE CASCADE
);
INSERT INTO Client VALUES('cmekilqus0001xfflrr98j2ym','Company','Sample Company','John Doe','client@example.com','+1234567890','US','Manager','Active',1755727134005,1755878088920,'cmekilpoq0000xffloxu9xcse','123 Main Street','Mumbai','Maharashtra','400001','India',NULL,NULL,NULL,NULL,NULL,0,NULL);
INSERT INTO Client VALUES('cmek2epop0004x5j7m81cyrgz','Company','Eagan Inc.','John Eagan','john.e@eagan.com','50 123 4567','+971','CEO','Active',1755699932042,1755878088920,'cmekilpoq0000xffloxu9xcse','Sheikh Zayed Road, Business Bay','Dubai','Dubai','12345','UAE',NULL,NULL,NULL,NULL,NULL,0,NULL);
INSERT INTO Client VALUES('cmek2epp30005x5j7x2kutb10','Company','Maxtion Dev','Liam Park','liam@maxtion.dev','50 222 3344','+971','CTO','Active',1755699932056,1755878088920,'cmekilpoq0000xffloxu9xcse','Sheikh Zayed Road, Business Bay','Dubai','Dubai','12345','UAE',NULL,NULL,NULL,NULL,NULL,0,NULL);
INSERT INTO Client VALUES('cmek2epp60006x5j772x67f1n','Company','Candor Ltd','Alice Tan','alice@candor.co','50 333 7788','+971','Manager','Active',1755699932058,1755878088920,'cmekilpoq0000xffloxu9xcse','Sheikh Zayed Road, Business Bay','Dubai','Dubai','12345','UAE',NULL,NULL,NULL,NULL,NULL,0,NULL);
INSERT INTO Client VALUES('cmek2epp80007x5j7cg06hguv','Company','Delta Co.','Jin Woo','jin@delta.co','50 994 1100','+971','Director','Active',1755699932060,1755878088920,'cmekilpoq0000xffloxu9xcse','Sheikh Zayed Road, Business Bay','Dubai','Dubai','12345','UAE',NULL,NULL,NULL,NULL,NULL,0,NULL);
INSERT INTO Client VALUES('cmek2eppb0008x5j77ih6thxo','Company','Echo GmbH','Lena Meyer','lena@echo.de','160 111 2223','+49','Manager','Active',1755699932063,1755878088920,'cmekilpoq0000xffloxu9xcse','123 Main Street','Mumbai','Maharashtra','400001','India',NULL,NULL,NULL,NULL,NULL,0,NULL);
INSERT INTO Client VALUES('cmek2eppf0009x5j7e9dri39g','Company','Foxtrot BV','Tariq Aziz','tariq@foxtrot.nl','6 1234 5678','+31','CEO','Active',1755699932067,1755878088920,'cmekilpoq0000xffloxu9xcse','123 Main Street','Mumbai','Maharashtra','400001','India',NULL,NULL,NULL,NULL,NULL,0,NULL);
INSERT INTO Client VALUES('cmek2eppl000ax5j7d4lmaj4t','Company','Gamma LLC','Sara Gomez','sara@gammallc.com','415 555 1212','+1','Manager','Active',1755699932073,1755878088920,'cmekilpoq0000xffloxu9xcse','123 Main Street','Mumbai','Maharashtra','400001','India',NULL,NULL,NULL,NULL,NULL,0,NULL);
INSERT INTO Client VALUES('cmek2eppp000bx5j7uhvd09j2','Company','Helios Pte','Mei Lin','mei@helios.sg','8123 4567','+65','Director','Active',1755699932077,1755878088920,'cmekilpoq0000xffloxu9xcse','123 Main Street','Mumbai','Maharashtra','400001','India',NULL,NULL,NULL,NULL,NULL,0,NULL);
INSERT INTO Client VALUES('cmek2eppt000cx5j7fjhn5al4','Company','Iris Studio','Rani Putri','rani@iris.studio','812 3456 7890','+62','Owner','Active',1755699932082,1755878088920,'cmekilpoq0000xffloxu9xcse','Jl. Sudirman No. 123','Jakarta','Jakarta','12190','Indonesia',NULL,NULL,NULL,NULL,NULL,0,NULL);
INSERT INTO Client VALUES('cmek2epq1000dx5j7zgduvsje','Company','Juno Sdn Bhd','Farid Shah','farid@juno.my','12 345 6789','+60','Manager','Active',1755699932090,1755878088920,'cmekilpoq0000xffloxu9xcse','123 Main Street','Mumbai','Maharashtra','400001','India',NULL,NULL,NULL,NULL,NULL,0,NULL);
INSERT INTO Client VALUES('cmek2epq5000ex5j7y84bi7fm','Company','Kappa Inc','Becky Lee','becky@kappa.com','6123 4567','+852','CEO','Active',1755699932094,1755878088920,'cmekilpoq0000xffloxu9xcse','123 Main Street','Mumbai','Maharashtra','400001','India',NULL,NULL,NULL,NULL,NULL,0,NULL);
INSERT INTO Client VALUES('cmek2epq9000fx5j7ijikz889','Company','Lumen Labs','Jorge Ruiz','jorge@lumenlabs.io','655 111 222','+34','CTO','Active',1755699932097,1755878088920,'cmekilpoq0000xffloxu9xcse','123 Main Street','Mumbai','Maharashtra','400001','India',NULL,NULL,NULL,NULL,NULL,0,NULL);
INSERT INTO Client VALUES('cmek2epqc000gx5j7ymd9ulaa','Company','Mango Corp','Dani So','dani@mango.com','10 2345 6789','+82','Manager','Active',1755699932101,1755878088920,'cmekilpoq0000xffloxu9xcse','123 Main Street','Mumbai','Maharashtra','400001','India',NULL,NULL,NULL,NULL,NULL,0,NULL);
INSERT INTO Client VALUES('cmek2epqh000hx5j73m1vp6z1','Company','Nexus Ltd','Ken Wong','ken@nexus.hk','5123 9876','+852','Director','Active',1755699932105,1755878088920,'cmekilpoq0000xffloxu9xcse','123 Main Street','Mumbai','Maharashtra','400001','India',NULL,NULL,NULL,NULL,NULL,0,NULL);
INSERT INTO Client VALUES('cmek2epqk000ix5j7lv4lfmhs','Company','Orion SA','Pierre Lac','pierre@orion.fr','6 12 34 56 78','+33','Manager','Active',1755699932108,1755878088920,'cmekilpoq0000xffloxu9xcse','123 Main Street','Mumbai','Maharashtra','400001','India',NULL,NULL,NULL,NULL,NULL,0,NULL);
INSERT INTO Client VALUES('cmek2epqo000jx5j7q5mal9cz','Company','Pluto LLP','Wira Adi','wira@pluto.com','813 7777 1212','+62','Owner','Active',1755699932112,1755878088920,'cmekilpoq0000xffloxu9xcse','Jl. Sudirman No. 123','Jakarta','Jakarta','12190','Indonesia',NULL,NULL,NULL,NULL,NULL,0,NULL);
INSERT INTO Client VALUES('cmek2epqs000kx5j749c8satb','Company','Quark AB','Anders B','anders@quark.se','70 123 4567','+46','CEO','Active',1755699932116,1755878088920,'cmekilpoq0000xffloxu9xcse','123 Main Street','Mumbai','Maharashtra','400001','India',NULL,NULL,NULL,NULL,NULL,0,NULL);
INSERT INTO Client VALUES('cmek2epqv000lx5j7m2b87iuh','Company','Radian BV','Ivo K','ivo@radian.eu','6 8765 4321','+31','Manager','Active',1755699932119,1755878088920,'cmekilpoq0000xffloxu9xcse','123 Main Street','Mumbai','Maharashtra','400001','India',NULL,NULL,NULL,NULL,NULL,0,NULL);
INSERT INTO Client VALUES('cmek2epqx000mx5j75demwzgn','Company','Sigma Oy','Tiina K','tiina@sigma.fi','40 123 4567','+358','Director','Active',1755699932121,1755878088920,'cmekilpoq0000xffloxu9xcse','123 Main Street','Mumbai','Maharashtra','400001','India',NULL,NULL,NULL,NULL,NULL,0,NULL);
INSERT INTO Client VALUES('cmek2epqz000nx5j79ts1ry45','Company','Titan Pty','Noah Reed','noah@titan.au','412 345 678','+61','Owner','Active',1755699932124,1755878088920,'cmekilpoq0000xffloxu9xcse','123 Main Street','Mumbai','Maharashtra','400001','India',NULL,NULL,NULL,NULL,NULL,0,NULL);
INSERT INTO Client VALUES('cmek2epr3000ox5j7dzcl7fat','Company','Umbra SAS','Luc Martin','luc@umbra.fr','6 99 88 77 66','+33','Manager','Active',1755699932127,1755878088920,'cmekilpoq0000xffloxu9xcse','123 Main Street','Mumbai','Maharashtra','400001','India',NULL,NULL,NULL,NULL,NULL,0,NULL);
INSERT INTO Client VALUES('cmek2epr9000px5j7eoo4ivy3','Company','Vega NV','Eva Jans','eva@vega.be','470 12 34 56','+32','CEO','Active',1755699932133,1755878088920,'cmekilpoq0000xffloxu9xcse','123 Main Street','Mumbai','Maharashtra','400001','India',NULL,NULL,NULL,NULL,NULL,0,NULL);
INSERT INTO Client VALUES('cmek2eprc000qx5j7czhvwz5s','Company','Wave GmbH','Jonas K','jonas@wave.de','171 234 5678','+49','CTO','Active',1755699932136,1755878088920,'cmekilpoq0000xffloxu9xcse','123 Main Street','Mumbai','Maharashtra','400001','India',NULL,NULL,NULL,NULL,NULL,0,NULL);
INSERT INTO Client VALUES('cmek2eprg000rx5j7l5zrqn58','Company','Xenon KK','Akira Mori','akira@xenon.co.jp','90 1234 5678','+81','Manager','Active',1755699932140,1755878088920,'cmekilpoq0000xffloxu9xcse','123 Main Street','Mumbai','Maharashtra','400001','India',NULL,NULL,NULL,NULL,NULL,0,NULL);
INSERT INTO Client VALUES('cmek2eprj000sx5j75kwkkrka','Individual',NULL,'Holly Brown','holly@yonder.uk','7700 900123','+44','Customer','Active',1755699932143,1755878088920,'cmekilpoq0000xffloxu9xcse','123 Main Street','Mumbai','Maharashtra','400001','India',NULL,NULL,NULL,NULL,NULL,0,NULL);
INSERT INTO Client VALUES('cmek2epro000tx5j7i040423b','Individual',NULL,'Owen Hale','owen@zephyr.co','85 123 4567','+353','Customer','Active',1755699932149,1755878088920,'cmekilpoq0000xffloxu9xcse','123 Main Street','Mumbai','Maharashtra','400001','India',NULL,NULL,NULL,NULL,NULL,0,NULL);
INSERT INTO Client VALUES('cmek2epru000ux5j7aevngrkt','Company','Artemis LLC','Mia Chen','mia@artemis.com','650 555 9988','+1','Manager','Active',1755699932154,1755878088920,'cmekilpoq0000xffloxu9xcse','123 Main Street','Mumbai','Maharashtra','400001','India',NULL,NULL,NULL,NULL,NULL,0,NULL);
INSERT INTO Client VALUES('cmek2eprx000vx5j72ezaz9qg','Company','Basil AG','Felix H','felix@basil.ch','79 123 45 67','+41','CEO','Active',1755699932158,1755878088920,'cmekilpoq0000xffloxu9xcse','123 Main Street','Mumbai','Maharashtra','400001','India',NULL,NULL,NULL,NULL,NULL,0,NULL);
INSERT INTO Client VALUES('cmek2eps1000wx5j7r1yeumnj','Company','Corex Inc.','Ravi Patel','ravi@corex.com','408 555 4321','+1','Director','Active',1755699932161,1755878088920,'cmekilpoq0000xffloxu9xcse','123 Main Street','Mumbai','Maharashtra','400001','India',NULL,NULL,NULL,NULL,NULL,0,NULL);
INSERT INTO Client VALUES('cmek2eps4000xx5j74mb673gp','Company','Dorian SpA','Marco Rossi','marco@dorian.it','347 123 4567','+39','Manager','Active',1755699932164,1755878088920,'cmekilpoq0000xffloxu9xcse','123 Main Street','Mumbai','Maharashtra','400001','India',NULL,NULL,NULL,NULL,NULL,0,NULL);
INSERT INTO Client VALUES('cmek2epwr001zx5j7zkdpllm8','Company','Horizon Press','Emma White','horizonpress@example.com','123456789','+971','Customer','Active',1755699932331,1755878088920,'cmekilpoq0000xffloxu9xcse','Sheikh Zayed Road, Business Bay','Dubai','Dubai','12345','UAE',NULL,NULL,NULL,NULL,NULL,0,NULL);
INSERT INTO Client VALUES('cmek2epx70024x5j7knkhgxeq','Company','Nova Prints','Liam Carter','novaprints@example.com','123456789','+971','Customer','Active',1755699932347,1755878088920,'cmekilpoq0000xffloxu9xcse','Sheikh Zayed Road, Business Bay','Dubai','Dubai','12345','UAE',NULL,NULL,NULL,NULL,NULL,0,NULL);
INSERT INTO Client VALUES('cmek2epxo0029x5j70l4yzcra','Company','Galaxy Media','Sophia Adams','galaxymedia@example.com','123456789','+971','Customer','Active',1755699932364,1755878088920,'cmekilpoq0000xffloxu9xcse','Sheikh Zayed Road, Business Bay','Dubai','Dubai','12345','UAE',NULL,NULL,NULL,NULL,NULL,0,NULL);
INSERT INTO Client VALUES('cmek2epy7002ex5j7vhvd4iag','Company','PrintX Solutions','David Thompson','printxsolutions@example.com','123456789','+971','Customer','Active',1755699932383,1755878088920,'cmekilpoq0000xffloxu9xcse','Sheikh Zayed Road, Business Bay','Dubai','Dubai','12345','UAE',NULL,NULL,NULL,NULL,NULL,0,NULL);
INSERT INTO Client VALUES('cmek2epym002jx5j720tijpkm','Company','Creative Hub','Olivia Martinez','creativehub@example.com','123456789','+971','Customer','Active',1755699932398,1755878088920,'cmekilpoq0000xffloxu9xcse','Sheikh Zayed Road, Business Bay','Dubai','Dubai','12345','UAE',NULL,NULL,NULL,NULL,NULL,0,NULL);
INSERT INTO Client VALUES('cmek2epz1002ox5j7r1giwxov','Company','Urban Prints','Noah Wilson','urbanprints@example.com','123456789','+971','Customer','Active',1755699932413,1755878088920,'cmekilpoq0000xffloxu9xcse','Sheikh Zayed Road, Business Bay','Dubai','Dubai','12345','UAE',NULL,NULL,NULL,NULL,NULL,0,NULL);
INSERT INTO Client VALUES('cmek2epze002tx5j7zyudjxiy','Company','Pixel Studio','Isabella Taylor','pixelstudio@example.com','123456789','+971','Customer','Active',1755699932426,1755878088920,'cmekilpoq0000xffloxu9xcse','Sheikh Zayed Road, Business Bay','Dubai','Dubai','12345','UAE',NULL,NULL,NULL,NULL,NULL,0,NULL);
INSERT INTO Client VALUES('cmek2eq03002yx5j7qs86661g','Company','Bright Ideas Co.','James Anderson','brightideasco.@example.com','123456789','+971','Customer','Active',1755699932452,1755878088920,'cmekilpoq0000xffloxu9xcse','Sheikh Zayed Road, Business Bay','Dubai','Dubai','12345','UAE',NULL,NULL,NULL,NULL,NULL,0,NULL);
INSERT INTO Client VALUES('cmek2eq0u0033x5j7eezs3wwm','Company','Visionary Prints','Mia Harris','visionaryprints@example.com','123456789','+971','Customer','Active',1755699932478,1755878088920,'cmekilpoq0000xffloxu9xcse','Sheikh Zayed Road, Business Bay','Dubai','Dubai','12345','UAE',NULL,NULL,NULL,NULL,NULL,0,NULL);
INSERT INTO Client VALUES('cmek2pdkw0003x5xj6ystys5w','Individual',NULL,'Alifka iqbal','alifka@gmail.com','123445','+971',NULL,'Active',1755700429568,1755878088920,'cmekilpoq0000xffloxu9xcse','Sheikh Zayed Road, Business Bay','Dubai','Dubai','12345','UAE',NULL,NULL,NULL,NULL,NULL,0,NULL);
INSERT INTO Client VALUES('cmek2s51y0004x5xj2paziy4v','Individual',NULL,'alifka iqbal','alifka@gmail.com','123445','+971',NULL,'Active',1755700558487,1755878088920,'cmekilpoq0000xffloxu9xcse','Sheikh Zayed Road, Business Bay','Dubai','Dubai','12345','UAE',NULL,NULL,NULL,NULL,NULL,0,NULL);
INSERT INTO Client VALUES('cmek38mc7000bx5xj7m0r8vcw','Individual',NULL,'Alifka iqbal','alifka@gmail.com','123456','+971',NULL,'Active',1755701327382,1755878088920,'cmekilpoq0000xffloxu9xcse','Sheikh Zayed Road, Business Bay','Dubai','Dubai','12345','UAE',NULL,NULL,NULL,NULL,NULL,0,NULL);
INSERT INTO Client VALUES('cmek5125d0003x5l8ze3b5od7','Company','Eagan Inc.','John Smith','john.smith@eagan.com','501234567','+971','Marketing Manager','Active',1755704333857,1755878088920,'cmekilpoq0000xffloxu9xcse','Sheikh Zayed Road, Business Bay','Dubai','Dubai','12345','UAE',NULL,NULL,NULL,NULL,NULL,0,NULL);
INSERT INTO Client VALUES('cmek5125k0004x5l83v76sj65','Company','Tech Solutions Ltd.','Sarah Johnson','sarah.j@techsolutions.com','559876543','+971','Operations Director','Active',1755704333864,1755878088920,'cmekilpoq0000xffloxu9xcse','Sheikh Zayed Road, Business Bay','Dubai','Dubai','12345','UAE',NULL,NULL,NULL,NULL,NULL,0,NULL);
INSERT INTO Client VALUES('cmek5125p0005x5l8i0s1gibt','Company','Global Print Corp.','Michael Brown','michael.b@globalprint.com','524567890','+971','Procurement Manager','Active',1755704333869,1755878088920,'cmekilpoq0000xffloxu9xcse','Sheikh Zayed Road, Business Bay','Dubai','Dubai','12345','UAE',NULL,NULL,NULL,NULL,NULL,0,NULL);
INSERT INTO Client VALUES('cmek5125x0006x5l86n1s8o7z','Company','Creative Agency','Lisa Wilson','lisa.w@creativeagency.com','543210987','+971','Creative Director','Active',1755704333877,1755878088920,'cmekilpoq0000xffloxu9xcse','Sheikh Zayed Road, Business Bay','Dubai','Dubai','12345','UAE',NULL,NULL,NULL,NULL,NULL,0,NULL);
INSERT INTO Client VALUES('cmek512620007x5l89redvsq3','Individual',NULL,'David Lee','david.lee@gmail.com','567890123','+971',NULL,'Active',1755704333882,1755878088920,'cmekilpoq0000xffloxu9xcse','Sheikh Zayed Road, Business Bay','Dubai','Dubai','12345','UAE',NULL,NULL,NULL,NULL,NULL,0,NULL);
INSERT INTO Client VALUES('cmekcwp5f0000x5669b3o8juh','Company','ABCD','ABCD EFG','ABCD@office.com','1111111','+971','ABCD','Active',1755717567314,1755878088920,'cmekilpoq0000xffloxu9xcse','Sheikh Zayed Road, Business Bay','Dubai','Dubai','12345','UAE',NULL,NULL,NULL,NULL,NULL,0,NULL);
INSERT INTO Client VALUES('cmekj5wmd0011xffl1gmkylyz','Company','ABC','ABC DEF','abc@gmail.com','1111111','+971','ABC','Active',1755728074516,1755878088920,'cmekilpoq0000xffloxu9xcse','Sheikh Zayed Road, Business Bay','Dubai','Dubai','12345','UAE',NULL,NULL,NULL,NULL,NULL,0,NULL);
INSERT INTO Client VALUES('cmenjpmyr000194x5h64ab8fu','Individual','','Test User','test2@example.com','1234567890','+971','','Active',1755910393731,1755910393731,NULL,'','','Dubai','','UAE',NULL,NULL,NULL,NULL,NULL,0,NULL);
INSERT INTO Client VALUES('cmenjwhn9000094x5c3wm1uss','Individual','','adsafa  f asf','af@gmail.com','123141','+971','','Active',1755910713431,1755910713431,NULL,'afa','a fa','afa','112312','UAE',NULL,NULL,NULL,NULL,NULL,0,NULL);
INSERT INTO Client VALUES('cmenk1wu7000094x5bkbv3kgs','Company','Maxtry','Maxtry Maxtion','M@maxtion.com','123455','+971','Maxtion','Active',1755910966400,1755910966400,NULL,'DSO','Dubai','UAE','0000','UAE',NULL,NULL,NULL,NULL,NULL,0,NULL);
INSERT INTO Client VALUES('cmenka40w000094x5hzhtbcsp','Company','ESAF','ESAF','customer@example.com','123456789','+971','Customer','Active',1755911348961,1755911348961,NULL,'','','Dubai','','UAE',NULL,NULL,NULL,NULL,NULL,0,NULL);
INSERT INTO Client VALUES('cmenl91yb0000bfx583ej9i1m','Company','GenAI','Ricardo Valentino','Rai@gmai.com','12345','+971','AI','Active',1755912979239,1755912979239,NULL,'Myriad','Dubai','Dubai','0000','Dubai',NULL,NULL,NULL,NULL,NULL,0,NULL);
INSERT INTO Client VALUES('cmet0tk5c0000x536qcg8oilf','Company','Color Test Company','Color Tester','test-colors@example.com','+1234567890','US','Color Manager','Active',1756241461055,1756241461055,NULL,NULL,NULL,NULL,NULL,NULL,NULL,NULL,NULL,NULL,NULL,0,NULL);
CREATE TABLE IF NOT EXISTS "UAEArea" (
    "id" TEXT NOT NULL PRIMARY KEY,
    "name" TEXT NOT NULL,
    "state" TEXT NOT NULL,
    "country" TEXT NOT NULL DEFAULT 'UAE',
    "createdAt" DATETIME NOT NULL DEFAULT CURRENT_TIMESTAMP,
    "updatedAt" DATETIME NOT NULL
);
INSERT INTO UAEArea VALUES('cmernl9np00002wx5b44351vs','Al Barsha','Dubai','UAE','2025-08-25 21:52:53','2025-08-25 21:52:53');
INSERT INTO UAEArea VALUES('cmernl9nu00012wx50hap250q','Al Garhoud','Dubai','UAE','2025-08-25 21:52:53','2025-08-25 21:52:53');
INSERT INTO UAEArea VALUES('cmernl9ny00022wx538oi8fzf','Al Jaddaf','Dubai','UAE','2025-08-25 21:52:53','2025-08-25 21:52:53');
INSERT INTO UAEArea VALUES('cmernl9o100032wx50kwrdni0','Al Jafiliya','Dubai','UAE','2025-08-25 21:52:53','2025-08-25 21:52:53');
INSERT INTO UAEArea VALUES('cmernl9o400042wx588w4bphr','Al Karama','Dubai','UAE','2025-08-25 21:52:53','2025-08-25 21:52:53');
INSERT INTO UAEArea VALUES('cmernl9o600052wx5feny6314','Al Mamzar','Dubai','UAE','2025-08-25 21:52:53','2025-08-25 21:52:53');
INSERT INTO UAEArea VALUES('cmernl9o900062wx54rnzbjsn','Al Mankhool','Dubai','UAE','2025-08-25 21:52:53','2025-08-25 21:52:53');
INSERT INTO UAEArea VALUES('cmernl9ob00072wx52ye6g7x0','Al Mizhar','Dubai','UAE','2025-08-25 21:52:53','2025-08-25 21:52:53');
INSERT INTO UAEArea VALUES('cmernl9od00082wx51rr32nth','Al Nahda','Dubai','UAE','2025-08-25 21:52:53','2025-08-25 21:52:53');
INSERT INTO UAEArea VALUES('cmernl9og00092wx5bhyn66yt','Al Qusais','Dubai','UAE','2025-08-25 21:52:53','2025-08-25 21:52:53');
INSERT INTO UAEArea VALUES('cmernl9oi000a2wx5dtv7gwa2','Al Raffa','Dubai','UAE','2025-08-25 21:52:53','2025-08-25 21:52:53');
INSERT INTO UAEArea VALUES('cmernl9ok000b2wx54lzbduzf','Al Ras','Dubai','UAE','2025-08-25 21:52:53','2025-08-25 21:52:53');
INSERT INTO UAEArea VALUES('cmernl9om000c2wx57x1faqil','Al Rigga','Dubai','UAE','2025-08-25 21:52:53','2025-08-25 21:52:53');
INSERT INTO UAEArea VALUES('cmernl9oo000d2wx5ds7s4ff0','Al Sabkha','Dubai','UAE','2025-08-25 21:52:53','2025-08-25 21:52:53');
INSERT INTO UAEArea VALUES('cmernl9oq000e2wx5c2ojac5o','Al Safa','Dubai','UAE','2025-08-25 21:52:53','2025-08-25 21:52:53');
INSERT INTO UAEArea VALUES('cmernl9os000f2wx56o50aj04','Al Satwa','Dubai','UAE','2025-08-25 21:52:53','2025-08-25 21:52:53');
INSERT INTO UAEArea VALUES('cmernl9ou000g2wx504uj54k8','Al Wasl','Dubai','UAE','2025-08-25 21:52:53','2025-08-25 21:52:53');
INSERT INTO UAEArea VALUES('cmernl9ox000h2wx5cll2hfi3','Arabian Ranches','Dubai','UAE','2025-08-25 21:52:53','2025-08-25 21:52:53');
INSERT INTO UAEArea VALUES('cmernl9oy000i2wx56xfx8frm','Business Bay','Dubai','UAE','2025-08-25 21:52:53','2025-08-25 21:52:53');
INSERT INTO UAEArea VALUES('cmernl9p1000j2wx560g7gd4q','Deira','Dubai','UAE','2025-08-25 21:52:53','2025-08-25 21:52:53');
INSERT INTO UAEArea VALUES('cmernl9p3000k2wx544dzhiyo','Discovery Gardens','Dubai','UAE','2025-08-25 21:52:53','2025-08-25 21:52:53');
INSERT INTO UAEArea VALUES('cmernl9p5000l2wx5c5sr6r84','Downtown Dubai','Dubai','UAE','2025-08-25 21:52:53','2025-08-25 21:52:53');
INSERT INTO UAEArea VALUES('cmernl9p8000m2wx5e9s0hg4i','Dubai Marina','Dubai','UAE','2025-08-25 21:52:53','2025-08-25 21:52:53');
INSERT INTO UAEArea VALUES('cmernl9pa000n2wx579r1duz9','Dubai Silicon Oasis','Dubai','UAE','2025-08-25 21:52:53','2025-08-25 21:52:53');
INSERT INTO UAEArea VALUES('cmernl9pd000o2wx54trj9273','Dubai Sports City','Dubai','UAE','2025-08-25 21:52:53','2025-08-25 21:52:53');
INSERT INTO UAEArea VALUES('cmernl9pf000p2wx55ya73o8t','Emirates Hills','Dubai','UAE','2025-08-25 21:52:53','2025-08-25 21:52:53');
INSERT INTO UAEArea VALUES('cmernl9ph000q2wx50emj7rlv','International City','Dubai','UAE','2025-08-25 21:52:53','2025-08-25 21:52:53');
INSERT INTO UAEArea VALUES('cmernl9pj000r2wx5hk0fbazl','Jebel Ali','Dubai','UAE','2025-08-25 21:52:53','2025-08-25 21:52:53');
INSERT INTO UAEArea VALUES('cmernl9pl000s2wx5aij6ftog','Jumeirah','Dubai','UAE','2025-08-25 21:52:53','2025-08-25 21:52:53');
INSERT INTO UAEArea VALUES('cmernl9pn000t2wx5ep531sja','Jumeirah Beach Residence','Dubai','UAE','2025-08-25 21:52:53','2025-08-25 21:52:53');
INSERT INTO UAEArea VALUES('cmernl9pp000u2wx51cagh3tz','Jumeirah Golf Estates','Dubai','UAE','2025-08-25 21:52:53','2025-08-25 21:52:53');
INSERT INTO UAEArea VALUES('cmernl9ps000v2wx5a64q0i7q','Jumeirah Islands','Dubai','UAE','2025-08-25 21:52:53','2025-08-25 21:52:53');
INSERT INTO UAEArea VALUES('cmernl9pw000w2wx5d3ci2d1b','Jumeirah Lakes Towers','Dubai','UAE','2025-08-25 21:52:53','2025-08-25 21:52:53');
INSERT INTO UAEArea VALUES('cmernl9q1000x2wx5g78vf9mx','Jumeirah Park','Dubai','UAE','2025-08-25 21:52:53','2025-08-25 21:52:53');
INSERT INTO UAEArea VALUES('cmernl9q3000y2wx5hrmi69vr','Knowledge Village','Dubai','UAE','2025-08-25 21:52:53','2025-08-25 21:52:53');
INSERT INTO UAEArea VALUES('cmernl9q6000z2wx508160hiu','Lakes','Dubai','UAE','2025-08-25 21:52:53','2025-08-25 21:52:53');
INSERT INTO UAEArea VALUES('cmernl9q800102wx51yhxg3vh','Meadows','Dubai','UAE','2025-08-25 21:52:53','2025-08-25 21:52:53');
INSERT INTO UAEArea VALUES('cmernl9qe00112wx5htmdgykt','Media City','Dubai','UAE','2025-08-25 21:52:53','2025-08-25 21:52:53');
INSERT INTO UAEArea VALUES('cmernl9qi00122wx5hu67d71j','Mirdif','Dubai','UAE','2025-08-25 21:52:53','2025-08-25 21:52:53');
INSERT INTO UAEArea VALUES('cmernl9qm00132wx5ewt1edzk','Motor City','Dubai','UAE','2025-08-25 21:52:53','2025-08-25 21:52:53');
INSERT INTO UAEArea VALUES('cmernl9qp00142wx5h1x253uf','Palm Jumeirah','Dubai','UAE','2025-08-25 21:52:53','2025-08-25 21:52:53');
INSERT INTO UAEArea VALUES('cmernl9r100152wx5ajvj575y','Palm Jebel Ali','Dubai','UAE','2025-08-25 21:52:53','2025-08-25 21:52:53');
INSERT INTO UAEArea VALUES('cmernl9rb00162wx58db2fpm1','Palm Deira','Dubai','UAE','2025-08-25 21:52:53','2025-08-25 21:52:53');
INSERT INTO UAEArea VALUES('cmernl9re00172wx5cnfm29yf','Palm Springs','Dubai','UAE','2025-08-25 21:52:53','2025-08-25 21:52:53');
INSERT INTO UAEArea VALUES('cmernl9rk00182wx5bd3tb056','Springs','Dubai','UAE','2025-08-25 21:52:53','2025-08-25 21:52:53');
INSERT INTO UAEArea VALUES('cmernl9rq00192wx54soba7jk','Tecom','Dubai','UAE','2025-08-25 21:52:53','2025-08-25 21:52:53');
INSERT INTO UAEArea VALUES('cmernl9rt001a2wx5andq0ahb','Umm Al Sheif','Dubai','UAE','2025-08-25 21:52:53','2025-08-25 21:52:53');
INSERT INTO UAEArea VALUES('cmernl9rw001b2wx5fgmc759i','Umm Hurair','Dubai','UAE','2025-08-25 21:52:53','2025-08-25 21:52:53');
INSERT INTO UAEArea VALUES('cmernl9rz001c2wx5f7539wy6','Umm Ramool','Dubai','UAE','2025-08-25 21:52:53','2025-08-25 21:52:53');
INSERT INTO UAEArea VALUES('cmernl9s3001d2wx557wifhai','Umm Suqeim','Dubai','UAE','2025-08-25 21:52:53','2025-08-25 21:52:53');
INSERT INTO UAEArea VALUES('cmernl9s7001e2wx56ij7063t','Victory Heights','Dubai','UAE','2025-08-25 21:52:53','2025-08-25 21:52:53');
INSERT INTO UAEArea VALUES('cmernl9s9001f2wx5hvfrhu93','Warsan','Dubai','UAE','2025-08-25 21:52:53','2025-08-25 21:52:53');
INSERT INTO UAEArea VALUES('cmernl9sc001g2wx59e4ihrn9','Al Ain','Abu Dhabi','UAE','2025-08-25 21:52:53','2025-08-25 21:52:53');
INSERT INTO UAEArea VALUES('cmernl9sh001h2wx5c0yx6xhk','Al Bateen','Abu Dhabi','UAE','2025-08-25 21:52:53','2025-08-25 21:52:53');
INSERT INTO UAEArea VALUES('cmernl9sk001i2wx5cm1c2eam','Al Danah','Abu Dhabi','UAE','2025-08-25 21:52:53','2025-08-25 21:52:53');
INSERT INTO UAEArea VALUES('cmernl9sn001j2wx5exf0ej5k','Al Falah','Abu Dhabi','UAE','2025-08-25 21:52:53','2025-08-25 21:52:53');
INSERT INTO UAEArea VALUES('cmernl9sr001k2wx53cmcaj6v','Al Karamah','Abu Dhabi','UAE','2025-08-25 21:52:53','2025-08-25 21:52:53');
INSERT INTO UAEArea VALUES('cmernl9sv001l2wx5eozpgty4','Al Khalidiyah','Abu Dhabi','UAE','2025-08-25 21:52:53','2025-08-25 21:52:53');
INSERT INTO UAEArea VALUES('cmernl9sy001m2wx5ft1mhnq5','Al Maqtaa','Abu Dhabi','UAE','2025-08-25 21:52:53','2025-08-25 21:52:53');
INSERT INTO UAEArea VALUES('cmernl9t3001n2wx58t8getfj','Al Maryah Island','Abu Dhabi','UAE','2025-08-25 21:52:53','2025-08-25 21:52:53');
INSERT INTO UAEArea VALUES('cmernl9t9001o2wx5e5h509qr','Al Mina','Abu Dhabi','UAE','2025-08-25 21:52:53','2025-08-25 21:52:53');
INSERT INTO UAEArea VALUES('cmernl9td001p2wx5gnpa6fbl','Al Mushrif','Abu Dhabi','UAE','2025-08-25 21:52:53','2025-08-25 21:52:53');
INSERT INTO UAEArea VALUES('cmernl9th001q2wx5hv9n5enh','Al Nahyan','Abu Dhabi','UAE','2025-08-25 21:52:53','2025-08-25 21:52:53');
INSERT INTO UAEArea VALUES('cmernl9tr001r2wx53bv71lpy','Al Raha','Abu Dhabi','UAE','2025-08-25 21:52:53','2025-08-25 21:52:53');
INSERT INTO UAEArea VALUES('cmernl9uq001s2wx57s0n75jp','Al Raha Beach','Abu Dhabi','UAE','2025-08-25 21:52:53','2025-08-25 21:52:53');
INSERT INTO UAEArea VALUES('cmernl9uu001t2wx58tbsaun3','Al Ras Al Akhdar','Abu Dhabi','UAE','2025-08-25 21:52:53','2025-08-25 21:52:53');
INSERT INTO UAEArea VALUES('cmernl9ux001u2wx585ricbsv','Al Reem Island','Abu Dhabi','UAE','2025-08-25 21:52:53','2025-08-25 21:52:53');
INSERT INTO UAEArea VALUES('cmernl9v2001v2wx5b26pdnde','Al Saadiyat Island','Abu Dhabi','UAE','2025-08-25 21:52:53','2025-08-25 21:52:53');
INSERT INTO UAEArea VALUES('cmernl9v6001w2wx58a7jesor','Al Wahda','Abu Dhabi','UAE','2025-08-25 21:52:53','2025-08-25 21:52:53');
INSERT INTO UAEArea VALUES('cmernl9v9001x2wx5fsq25vtw','Baniyas','Abu Dhabi','UAE','2025-08-25 21:52:53','2025-08-25 21:52:53');
INSERT INTO UAEArea VALUES('cmernl9vc001y2wx58nle1s5n','Corniche','Abu Dhabi','UAE','2025-08-25 21:52:53','2025-08-25 21:52:53');
INSERT INTO UAEArea VALUES('cmernl9vj001z2wx55wmgc3cu','Khalifa City','Abu Dhabi','UAE','2025-08-25 21:52:53','2025-08-25 21:52:53');
INSERT INTO UAEArea VALUES('cmernl9vm00202wx51yru5x6k','Masdar City','Abu Dhabi','UAE','2025-08-25 21:52:53','2025-08-25 21:52:53');
INSERT INTO UAEArea VALUES('cmernl9vq00212wx5b60gdr9s','Mohammed Bin Zayed City','Abu Dhabi','UAE','2025-08-25 21:52:53','2025-08-25 21:52:53');
INSERT INTO UAEArea VALUES('cmernl9vs00222wx5gtqha9xx','Shakhbout City','Abu Dhabi','UAE','2025-08-25 21:52:53','2025-08-25 21:52:53');
INSERT INTO UAEArea VALUES('cmernl9vw00232wx56ehbeggf','Yas Island','Abu Dhabi','UAE','2025-08-25 21:52:53','2025-08-25 21:52:53');
INSERT INTO UAEArea VALUES('cmernl9w200242wx5e57dabls','Al Majaz','Sharjah','UAE','2025-08-25 21:52:53','2025-08-25 21:52:53');
INSERT INTO UAEArea VALUES('cmernl9w600252wx5g02w2tr2','Al Nahda','Sharjah','UAE','2025-08-25 21:52:53','2025-08-25 21:52:53');
INSERT INTO UAEArea VALUES('cmernl9wa00262wx51ex7dhli','Al Qasba','Sharjah','UAE','2025-08-25 21:52:53','2025-08-25 21:52:53');
INSERT INTO UAEArea VALUES('cmernl9wg00272wx5cupd0ixx','Al Taawun','Sharjah','UAE','2025-08-25 21:52:53','2025-08-25 21:52:53');
INSERT INTO UAEArea VALUES('cmernl9wj00282wx54xvf6tdg','Al Zahra','Sharjah','UAE','2025-08-25 21:52:53','2025-08-25 21:52:53');
INSERT INTO UAEArea VALUES('cmernl9wn00292wx5fj9ndq4t','Muwailih','Sharjah','UAE','2025-08-25 21:52:53','2025-08-25 21:52:53');
INSERT INTO UAEArea VALUES('cmernl9wp002a2wx5g8q83rp7','Sharjah Industrial Area','Sharjah','UAE','2025-08-25 21:52:53','2025-08-25 21:52:53');
INSERT INTO UAEArea VALUES('cmernl9wy002b2wx5anrv55rw','Ajman City','Ajman','UAE','2025-08-25 21:52:53','2025-08-25 21:52:53');
INSERT INTO UAEArea VALUES('cmernl9x1002c2wx5eu8qbe7k','Ajman Industrial Area','Ajman','UAE','2025-08-25 21:52:53','2025-08-25 21:52:53');
INSERT INTO UAEArea VALUES('cmernl9x4002d2wx50v4bhg9t','Al Nuaimiya','Ajman','UAE','2025-08-25 21:52:53','2025-08-25 21:52:53');
INSERT INTO UAEArea VALUES('cmernl9x9002e2wx5bnd7a1e7','Al Rashidiya','Ajman','UAE','2025-08-25 21:52:53','2025-08-25 21:52:53');
INSERT INTO UAEArea VALUES('cmernl9xh002f2wx5fglphvmh','Umm Al Quwain City','Umm Al Quwain','UAE','2025-08-25 21:52:53','2025-08-25 21:52:53');
INSERT INTO UAEArea VALUES('cmernl9xn002g2wx5atucesp5','Umm Al Quwain Industrial Area','Umm Al Quwain','UAE','2025-08-25 21:52:53','2025-08-25 21:52:53');
INSERT INTO UAEArea VALUES('cmernl9xs002h2wx5ghurfwf0','Al Hamra','Ras Al Khaimah','UAE','2025-08-25 21:52:53','2025-08-25 21:52:53');
INSERT INTO UAEArea VALUES('cmernl9xv002i2wx5c0g2526g','Al Jazeera Al Hamra','Ras Al Khaimah','UAE','2025-08-25 21:52:53','2025-08-25 21:52:53');
INSERT INTO UAEArea VALUES('cmernl9xy002j2wx5bpr11zng','Al Marjan Island','Ras Al Khaimah','UAE','2025-08-25 21:52:53','2025-08-25 21:52:53');
INSERT INTO UAEArea VALUES('cmernl9y1002k2wx50t8ube6m','Al Nakheel','Ras Al Khaimah','UAE','2025-08-25 21:52:53','2025-08-25 21:52:53');
INSERT INTO UAEArea VALUES('cmernl9y4002l2wx54kdj45vh','Al Qusaidat','Ras Al Khaimah','UAE','2025-08-25 21:52:53','2025-08-25 21:52:53');
INSERT INTO UAEArea VALUES('cmernl9y6002m2wx5evcx5e9s','Al Rams','Ras Al Khaimah','UAE','2025-08-25 21:52:53','2025-08-25 21:52:53');
INSERT INTO UAEArea VALUES('cmernl9y8002n2wx562z40qs4','Al Sall','Ras Al Khaimah','UAE','2025-08-25 21:52:53','2025-08-25 21:52:53');
INSERT INTO UAEArea VALUES('cmernl9yb002o2wx5d7hd5r39','Al Uraibi','Ras Al Khaimah','UAE','2025-08-25 21:52:53','2025-08-25 21:52:53');
INSERT INTO UAEArea VALUES('cmernl9yd002p2wx5dhtzdmnh','Digdaga','Ras Al Khaimah','UAE','2025-08-25 21:52:53','2025-08-25 21:52:53');
INSERT INTO UAEArea VALUES('cmernl9yg002q2wx5f4ia5ea6','Fujairah City','Fujairah','UAE','2025-08-25 21:52:53','2025-08-25 21:52:53');
INSERT INTO UAEArea VALUES('cmernl9yi002r2wx566vb47ov','Fujairah Industrial Area','Fujairah','UAE','2025-08-25 21:52:53','2025-08-25 21:52:53');
CREATE UNIQUE INDEX "User_email_key" ON "User"("email");
CREATE UNIQUE INDEX "Quote_quoteId_key" ON "Quote"("quoteId");
CREATE UNIQUE INDEX "QuoteAmount_quoteId_key" ON "QuoteAmount"("quoteId");
CREATE UNIQUE INDEX "QuoteOperational_quoteId_key" ON "QuoteOperational"("quoteId");
CREATE UNIQUE INDEX "Material_materialId_key" ON "Material"("materialId");
COMMIT;
